id,created_at,updated_at,stock_id,date,open,high,low,close,adj_close,volume,daily_return,trend,adj_close_to_usd
1528732,2024-12-06 07:01:23.234174+00:00,2024-12-06 07:01:23.234174+00:00,6,2024-12-05,243.99000549316406,244.5399932861328,242.1300048828125,243.0399932861328,243.0399932861328,39961900,0.012344668933372254,Insignificant Change,243.0399932861328
1528884,2024-12-06 07:02:28.206046+00:00,2024-12-06 07:02:28.206046+00:00,7,2024-12-05,46.560001373291016,47.2400016784668,46.5,47.0,47.0,31394800,1.3586393845742262,Positive Change,47.0
1528727,2024-12-06 07:01:23.233173+00:00,2024-12-06 07:01:23.233173+00:00,8,2024-12-05,150.0,150.3800048828125,148.9499969482422,149.52000427246094,149.52000427246094,7887300,-0.6313530541205828,Negative Change,149.52000427246094
1528744,2024-12-06 07:01:23.234174+00:00,2024-12-06 07:01:23.234174+00:00,9,2024-12-05,25.229999542236328,25.790000915527344,25.139999389648438,25.700000762939453,25.700000762939453,43613100,1.8628665447112618,Positive Change,25.700000762939453
1528870,2024-12-06 07:02:28.205048+00:00,2024-12-06 07:02:28.205048+00:00,10,2024-12-05,89.58999633789062,90.2699966430664,88.2699966430664,89.04499816894531,89.04499816894531,9019900,-0.31904584827882126,Negative Change,89.04499816894531
1528854,2024-12-06 07:02:17.476813+00:00,2024-12-06 07:02:17.476813+00:00,11,2024-12-05,245.38999938964844,247.17999267578125,244.6199951171875,245.47999572753906,245.47999572753906,6564000,0.854561168123649,Positive Change,245.47999572753906
1528730,2024-12-06 07:01:23.234174+00:00,2024-12-06 07:01:23.234174+00:00,15,2024-12-05,617.0800170898438,619.9000244140625,607.0499877929688,608.9299926757812,608.9299926757812,8066200,-0.7901913372205647,Negative Change,608.9299926757812
1528738,2024-12-06 07:01:23.234174+00:00,2024-12-06 07:01:23.234174+00:00,16,2024-12-05,145.11000061035156,146.5399932861328,143.9499969482422,145.05999755859375,145.05999755859375,172161800,-0.048237664069038316,Insignificant Change,145.05999755859375
1528792,2024-12-06 07:01:49.082055+00:00,2024-12-06 07:01:49.082055+00:00,17,2024-12-05,130.14999389648438,130.5,128.5,129.1699981689453,129.1699981689453,6856500,-0.6919421116276495,Negative Change,129.1699981689453
1528887,2024-12-06 07:02:28.206046+00:00,2024-12-06 07:02:28.206046+00:00,18,2024-12-05,94.88999938964844,95.5999984741211,94.33999633789062,95.30000305175781,95.30000305175781,21912800,0.899953553181607,Positive Change,95.30000305175781
1528814,2024-12-06 07:02:04.791570+00:00,2024-12-06 07:02:04.791570+00:00,19,2024-12-05,129.41000366210938,129.67999267578125,127.44999694824219,127.58999633789062,127.58999633789062,4629800,-0.9240584350724181,Negative Change,127.58999633789062
1528797,2024-12-06 07:01:49.082055+00:00,2024-12-06 07:01:49.082055+00:00,20,2024-12-05,359.8699951171875,375.42999267578125,359.5,369.489990234375,369.489990234375,81188200,3.2296811653515114,Large Positive Change,369.489990234375
1528848,2024-12-06 07:02:17.476813+00:00,2024-12-06 07:02:17.476813+00:00,21,2024-12-05,10.640000343322754,10.6899995803833,10.390000343322754,10.4399995803833,10.4399995803833,68017800,-2.7932979248437135,Negative Change,10.4399995803833
1528717,2024-12-06 07:01:10.350880+00:00,2024-12-06 07:01:10.350880+00:00,22,2024-12-05,23.610000610351562,23.889999389648438,23.579999923706055,23.829999923706055,23.829999923706055,40147100,1.2749648461795922,Positive Change,23.829999923706055
1528843,2024-12-06 07:02:17.476813+00:00,2024-12-06 07:02:17.476813+00:00,23,2024-12-05,437.9200134277344,444.6600036621094,436.1700134277344,442.6199951171875,442.6199951171875,21667200,1.1887845845700444,Positive Change,442.6199951171875
1528634,2024-12-06 07:00:43.671551+00:00,2024-12-06 07:00:43.671551+00:00,24,2024-12-05,42.59000015258789,42.869998931884766,42.52000045776367,42.54999923706055,42.54999923706055,16157100,0.07055216127448927,Insignificant Change,42.54999923706055
1528659,2024-12-06 07:00:43.673545+00:00,2024-12-06 07:00:43.673545+00:00,25,2024-12-05,53.61000061035156,53.90999984741211,53.0099983215332,53.38999938964844,53.38999938964844,10017000,0.05621960073788941,Insignificant Change,53.38999938964844
1528846,2024-12-06 07:02:17.476813+00:00,2024-12-06 07:02:17.476813+00:00,26,2024-12-05,62.470001220703125,63.119998931884766,62.099998474121094,62.91999816894531,62.91999816894531,21020400,1.141294156761801,Positive Change,62.91999816894531
1528703,2024-12-06 07:01:10.349884+00:00,2024-12-06 07:01:10.349884+00:00,27,2024-12-05,130.82000732421875,135.5800018310547,130.4499969482422,133.3300018310547,133.3300018310547,4171800,2.2077462247509145,Positive Change,133.3300018310547
1528570,2024-12-06 07:00:04.611425+00:00,2024-12-06 07:00:04.611425+00:00,28,2024-12-05,170.75,172.39999389648438,169.1999969482422,170.47000122070312,170.47000122070312,18461700,-0.05276520824275216,Insignificant Change,170.47000122070312
1528855,2024-12-06 07:02:17.476813+00:00,2024-12-06 07:02:17.476813+00:00,29,2024-12-05,177.32000732421875,177.7100067138672,174.00999450683594,174.30999755859375,174.30999755859375,16100800,-1.0108460539015067,Negative Change,174.30999755859375
1528627,2024-12-06 07:00:30.827528+00:00,2024-12-06 07:00:30.827528+00:00,30,2024-12-05,65.08000183105469,65.75,65.06999969482422,65.55000305175781,65.55000305175781,2847000,0.32140606923389853,Positive Change,65.55000305175781
1528496,2024-12-06 06:59:37.008773+00:00,2024-12-06 06:59:37.008773+00:00,31,2024-12-05,115.26000213623047,116.29000091552734,114.88999938964844,115.58999633789062,115.58999633789062,3263700,-0.32767515634436417,Negative Change,115.58999633789062
1528544,2024-12-06 07:00:04.609422+00:00,2024-12-06 07:00:04.609422+00:00,32,2024-12-05,41.279998779296875,41.599998474121094,41.2599983215332,41.34000015258789,41.34000015258789,2010000,0.1453521682784256,Insignificant Change,41.34000015258789
1528881,2024-12-06 07:02:28.206046+00:00,2024-12-06 07:02:28.206046+00:00,33,2024-12-05,143.67999267578125,143.9499969482422,140.3800048828125,141.36000061035156,141.36000061035156,29523200,-1.82651905165554,Negative Change,141.36000061035156
1528507,2024-12-06 06:59:37.009771+00:00,2024-12-06 06:59:37.009771+00:00,34,2024-12-05,205.75,206.88999938964844,204.11000061035156,204.22999572753906,204.22999572753906,1165000,-0.35130579723060607,Negative Change,204.22999572753906
1528503,2024-12-06 06:59:37.008773+00:00,2024-12-06 06:59:37.008773+00:00,35,2024-12-05,218.02999877929688,222.14999389648438,217.3000030517578,220.5500030517578,220.5500030517578,40786600,1.0955259211262744,Positive Change,220.5500030517578
1528736,2024-12-06 07:01:23.234174+00:00,2024-12-06 07:01:23.234174+00:00,36,2024-12-05,16.010000228881836,17.799999237060547,15.960000038146973,17.3799991607666,17.3799991607666,110026600,16.801068730499907,Bull Run,17.3799991607666
1528664,2024-12-06 07:00:56.517782+00:00,2024-12-06 07:00:56.517782+00:00,37,2024-12-05,76.16000366210938,76.91999816894531,75.87999725341797,76.13999938964844,76.13999938964844,4392700,0.2369672292591904,Insignificant Change,76.13999938964844
1528861,2024-12-06 07:02:17.477861+00:00,2024-12-06 07:02:17.477861+00:00,40,2024-12-05,302.2799987792969,303.42999267578125,300.32000732421875,300.5299987792969,300.5299987792969,2793600,-0.6840737879927955,Negative Change,300.5299987792969
1528542,2024-12-06 06:59:50.945971+00:00,2024-12-06 06:59:50.945971+00:00,41,2024-12-05,277.0,279.0400085449219,273.1499938964844,274.3299865722656,274.3299865722656,3185400,-1.412356449160476,Negative Change,274.3299865722656
1528892,2024-12-06 07:02:28.207041+00:00,2024-12-06 07:02:28.207041+00:00,42,2024-12-05,158.5,160.02000427246094,156.0500030517578,156.6699981689453,156.6699981689453,7111800,-1.0171851293709713,Negative Change,156.6699981689453
1528686,2024-12-06 07:00:56.518795+00:00,2024-12-06 07:00:56.518795+00:00,43,2024-12-05,400.5,401.42999267578125,394.2099914550781,394.9800109863281,394.9800109863281,1290000,-1.1338886807753394,Negative Change,394.9800109863281
1528688,2024-12-06 07:00:56.518795+00:00,2024-12-06 07:00:56.518795+00:00,44,2024-12-05,59.790000915527344,60.22999954223633,59.70000076293945,60.02000045776367,60.02000045776367,19102500,0.6709183714275203,Positive Change,60.02000045776367
1528771,2024-12-06 07:01:35.995496+00:00,2024-12-06 07:01:35.995496+00:00,45,2024-12-05,159.2899932861328,160.6699981689453,158.69000244140625,159.3300018310547,159.3300018310547,6356300,0.6379449596459406,Positive Change,159.3300018310547
1528789,2024-12-06 07:01:49.082055+00:00,2024-12-06 07:01:49.082055+00:00,46,2024-12-05,600.530029296875,606.5599975585938,596.3499755859375,596.7999877929688,596.7999877929688,1671900,-0.31902492184684583,Negative Change,596.7999877929688
1528886,2024-12-06 07:02:28.206046+00:00,2024-12-06 07:02:28.206046+00:00,47,2024-12-05,426.6000061035156,429.760009765625,425.8800048828125,426.5400085449219,426.5400085449219,2521800,-0.32249131601916775,Negative Change,426.5400085449219
1528611,2024-12-06 07:00:30.825920+00:00,2024-12-06 07:00:30.825920+00:00,48,2024-12-05,229.9499969482422,230.13999938964844,225.50999450683594,226.2899932861328,226.2899932861328,5183700,-1.5231298586800626,Negative Change,226.2899932861328
1528506,2024-12-06 06:59:37.009771+00:00,2024-12-06 06:59:37.009771+00:00,49,2024-12-05,233.5500030517578,236.52000427246094,233.4600067138672,234.75,234.75,4788300,0.5396353065197159,Positive Change,234.75
1528657,2024-12-06 07:00:43.673545+00:00,2024-12-06 07:00:43.673545+00:00,51,2024-12-05,22.040000915527344,22.190000534057617,20.65999984741211,20.799999237060547,20.799999237060547,167687900,-5.282331037219009,Large Negative Change,20.799999237060547
1528891,2024-12-06 07:02:28.207041+00:00,2024-12-06 07:02:28.207041+00:00,52,2024-12-05,295.5400085449219,299.739990234375,294.92999267578125,299.4700012207031,299.4700012207031,2592100,1.4842946006875841,Positive Change,299.4700012207031
1528749,2024-12-06 07:01:23.234174+00:00,2024-12-06 07:01:23.234174+00:00,53,2024-12-05,101.48999786376953,104.13999938964844,101.3499984741211,103.55000305175781,103.55000305175781,11047500,2.1505378771919643,Positive Change,103.55000305175781
1528568,2024-12-06 07:00:04.611425+00:00,2024-12-06 07:00:04.611425+00:00,54,2024-12-05,78.26000213623047,78.9000015258789,78.0999984741211,78.58000183105469,78.58000183105469,8311500,0.26795850084593115,Insignificant Change,78.58000183105469
1528532,2024-12-06 06:59:50.944943+00:00,2024-12-06 06:59:50.944943+00:00,55,2024-12-05,174.86000061035156,176.4600067138672,174.4499969482422,176.02999877929688,176.02999877929688,5015400,0.5253829968240701,Positive Change,176.02999877929688
1528550,2024-12-06 07:00:04.610423+00:00,2024-12-06 07:00:04.610423+00:00,56,2024-12-05,262.9800109863281,265.6000061035156,261.9200134277344,263.260009765625,263.260009765625,1718600,0.5653644255594569,Positive Change,263.260009765625
1528620,2024-12-06 07:00:30.825920+00:00,2024-12-06 07:00:30.825920+00:00,57,2024-12-05,605.6400146484375,608.989990234375,573.8900146484375,578.969970703125,578.969970703125,5937500,-5.209647909906314,Large Negative Change,578.969970703125
1528546,2024-12-06 07:00:04.610423+00:00,2024-12-06 07:00:04.610423+00:00,58,2024-12-05,360.7799987792969,365.45001220703125,356.6700134277344,361.3800048828125,361.3800048828125,10932100,-1.7642075517215177,Negative Change,361.3800048828125
1528683,2024-12-06 07:00:56.518795+00:00,2024-12-06 07:00:56.518795+00:00,59,2024-12-05,309.9800109863281,311.0899963378906,308.8299865722656,309.0799865722656,309.0799865722656,5195300,-0.2646038529747943,Insignificant Change,309.0799865722656
1528569,2024-12-06 07:00:04.611425+00:00,2024-12-06 07:00:04.611425+00:00,60,2024-12-05,116.55000305175781,117.2699966430664,116.05999755859375,116.5,116.5,9816200,-0.4188373986809671,Negative Change,116.5
1528676,2024-12-06 07:00:56.518795+00:00,2024-12-06 07:00:56.518795+00:00,61,2024-12-05,42.790000915527344,43.02000045776367,41.81999969482422,42.189998626708984,42.189998626708984,9741900,-1.540256408202,Negative Change,42.189998626708984
1528748,2024-12-06 07:01:23.234174+00:00,2024-12-06 07:01:23.234174+00:00,62,2024-12-05,139.0,140.57000732421875,137.55999755859375,137.8699951171875,137.8699951171875,1994500,-1.6619128971271355,Negative Change,137.8699951171875
1528595,2024-12-06 07:00:17.241847+00:00,2024-12-06 07:00:17.241847+00:00,63,2024-12-05,44.22999954223633,44.75,43.560001373291016,43.61000061035156,43.61000061035156,2315700,-0.9088791784523422,Negative Change,43.61000061035156
1528639,2024-12-06 07:00:43.672557+00:00,2024-12-06 07:00:43.672557+00:00,64,2024-12-05,174.97999572753906,176.72000122070312,173.52999877929688,176.1699981689453,176.1699981689453,5437800,-0.1643480300848728,Insignificant Change,176.1699981689453
1528518,2024-12-06 06:59:50.942911+00:00,2024-12-06 06:59:50.942911+00:00,67,2024-12-05,356.07000732421875,358.8999938964844,354.8900146484375,358.1300048828125,358.1300048828125,1819100,-0.5277321064706878,Negative Change,358.1300048828125
1528658,2024-12-06 07:00:43.673545+00:00,2024-12-06 07:00:43.673545+00:00,68,2024-12-05,534.4199829101562,540.1099853515625,529.7899780273438,538.219970703125,538.219970703125,2627000,0.3224627672911899,Positive Change,538.219970703125
1528674,2024-12-06 07:00:56.517782+00:00,2024-12-06 07:00:56.517782+00:00,69,2024-12-05,217.22999572753906,219.38999938964844,213.86000061035156,214.5500030517578,214.5500030517578,2474800,-1.7178194904151671,Negative Change,214.5500030517578
1528605,2024-12-06 07:00:30.825920+00:00,2024-12-06 07:00:30.825920+00:00,70,2024-12-05,51.81999969482422,52.52000045776367,51.52000045776367,52.279998779296875,52.279998779296875,2991800,0.9851232702794411,Positive Change,52.279998779296875
1528880,2024-12-06 07:02:28.206046+00:00,2024-12-06 07:02:28.206046+00:00,71,2024-12-05,303.20001220703125,303.260009765625,300.0199890136719,301.79998779296875,301.79998779296875,3169100,-0.556856072946959,Negative Change,301.79998779296875
1528672,2024-12-06 07:00:56.517782+00:00,2024-12-06 07:00:56.517782+00:00,72,2024-12-05,302.5299987792969,307.25,301.32000732421875,305.1700134277344,305.1700134277344,1378800,0.3089775523324334,Positive Change,305.1700134277344
1528832,2024-12-06 07:02:04.791570+00:00,2024-12-06 07:02:04.791570+00:00,73,2024-12-05,92.5199966430664,93.04000091552734,92.20999908447266,92.27999877929688,92.27999877929688,1012500,-0.1622866227238416,Insignificant Change,92.27999877929688
1528883,2024-12-06 07:02:28.206046+00:00,2024-12-06 07:02:28.206046+00:00,74,2024-12-05,96.3499984741211,97.9800033569336,96.20999908447266,97.44999694824219,97.44999694824219,2234700,1.2467500760957793,Positive Change,97.44999694824219
1528488,2024-12-06 06:59:37.007756+00:00,2024-12-06 06:59:37.007756+00:00,75,2024-12-05,13.5,13.649999618530273,13.199999809265137,13.289999961853027,13.289999961853027,13804100,-1.0424448260719639,Negative Change,13.289999961853027
1528566,2024-12-06 07:00:04.611425+00:00,2024-12-06 07:00:04.611425+00:00,76,2024-12-05,107.4000015258789,108.52999877929688,107.16000366210938,107.75,107.75,1897700,0.7103487722265217,Positive Change,107.75
1528713,2024-12-06 07:01:10.350880+00:00,2024-12-06 07:01:10.350880+00:00,77,2024-12-05,8.710000038146973,8.760000228881836,8.510000228881836,8.640000343322754,8.640000343322754,833100,-1.2571389334542409,Negative Change,8.640000343322754
1528728,2024-12-06 07:01:23.233173+00:00,2024-12-06 07:01:23.233173+00:00,78,2024-12-05,2.940000057220459,3.0299999713897705,2.930000066757202,2.9800000190734863,2.9800000190734863,104673,-0.3344478405137593,Negative Change,2.9800000190734863
1528759,2024-12-06 07:01:35.995496+00:00,2024-12-06 07:01:35.995496+00:00,79,2024-12-05,98.66999816894531,98.83999633789062,97.20999908447266,97.4000015258789,97.4000015258789,1523500,-0.9155661220122538,Negative Change,97.4000015258789
1528742,2024-12-06 07:01:23.234174+00:00,2024-12-06 07:01:23.234174+00:00,80,2024-12-05,102.0,103.33000183105469,100.80000305175781,101.0999984741211,101.0999984741211,2318200,-1.471593535960018,Negative Change,101.0999984741211
1528685,2024-12-06 07:00:56.518795+00:00,2024-12-06 07:00:56.518795+00:00,81,2024-12-05,235.4499969482422,235.4499969482422,226.6699981689453,227.80999755859375,227.80999755859375,528100,-3.1790539083584175,Large Negative Change,227.80999755859375
1528806,2024-12-06 07:01:49.083604+00:00,2024-12-06 07:01:49.083604+00:00,82,2024-12-05,55.599998474121094,56.95000076293945,55.27000045776367,55.880001068115234,55.880001068115234,2880100,2.701711495728009,Positive Change,55.880001068115234
1528745,2024-12-06 07:01:23.234174+00:00,2024-12-06 07:01:23.234174+00:00,83,2024-12-05,143.72000122070312,144.4199981689453,139.99000549316406,140.32000732421875,140.32000732421875,1293800,-0.5316509258245716,Negative Change,140.32000732421875
1528753,2024-12-06 07:01:35.995496+00:00,2024-12-06 07:01:35.995496+00:00,84,2024-12-05,38.36000061035156,39.04999923706055,38.16999816894531,38.369998931884766,38.369998931884766,2499800,-1.2100958260985204,Negative Change,38.369998931884766
1528581,2024-12-06 07:00:17.240846+00:00,2024-12-06 07:00:17.240846+00:00,86,2024-12-05,176.5399932861328,179.4199981689453,170.5500030517578,172.02999877929688,172.02999877929688,8660700,-5.039746466246121,Large Negative Change,172.02999877929688
1528632,2024-12-06 07:00:43.671551+00:00,2024-12-06 07:00:43.671551+00:00,87,2024-12-05,195.0,196.14999389648438,193.72999572753906,193.9600067138672,193.9600067138672,1390700,-0.5333298903245193,Negative Change,193.9600067138672
1528756,2024-12-06 07:01:35.995496+00:00,2024-12-06 07:01:35.995496+00:00,88,2024-12-05,205.3000030517578,209.30999755859375,205.3000030517578,209.16000366210938,209.16000366210938,2291100,0.8000017648719879,Positive Change,209.16000366210938
1528818,2024-12-06 07:02:04.791570+00:00,2024-12-06 07:02:04.791570+00:00,89,2024-12-05,355.2099914550781,355.2099914550781,340.5,344.3900146484375,344.3900146484375,1014900,-4.71987743323747,Large Negative Change,344.3900146484375
1528821,2024-12-06 07:02:04.791570+00:00,2024-12-06 07:02:04.791570+00:00,91,2024-12-05,382.510009765625,382.5400085449219,378.4800109863281,379.7300109863281,379.7300109863281,851300,-0.5942379616942081,Negative Change,379.7300109863281
1528852,2024-12-06 07:02:17.476813+00:00,2024-12-06 07:02:17.476813+00:00,92,2024-12-05,73.52999877929688,73.58000183105469,71.9800033569336,72.31999969482422,72.31999969482422,939100,-1.7391288122742863,Negative Change,72.31999969482422
1528737,2024-12-06 07:01:23.234174+00:00,2024-12-06 07:01:23.234174+00:00,93,2024-12-05,22.290000915527344,22.579999923706055,21.81999969482422,21.84000015258789,21.84000015258789,6725800,-1.621624315223202,Negative Change,21.84000015258789
1528784,2024-12-06 07:01:49.082055+00:00,2024-12-06 07:01:49.082055+00:00,95,2024-12-05,314.489990234375,323.3599853515625,312.6000061035156,321.9700012207031,321.9700012207031,1730000,-1.6825484245678237,Negative Change,321.9700012207031
1528501,2024-12-06 06:59:37.008773+00:00,2024-12-06 06:59:37.008773+00:00,96,2024-12-05,74.1500015258789,74.62000274658203,73.8499984741211,74.38999938964844,74.38999938964844,6688900,-0.013443731216846357,Insignificant Change,74.38999938964844
1528548,2024-12-06 07:00:04.610423+00:00,2024-12-06 07:00:04.610423+00:00,97,2024-12-05,56.54999923706055,58.119998931884766,56.5,56.90999984741211,56.90999984741211,3383700,0.8863676677051759,Positive Change,56.90999984741211
1528603,2024-12-06 07:00:30.824915+00:00,2024-12-06 07:00:30.824915+00:00,98,2024-12-05,104.56999969482422,105.63999938964844,103.37999725341797,105.43000030517578,105.43000030517578,1186100,0.4765081469034714,Positive Change,105.43000030517578
1528879,2024-12-06 07:02:28.206046+00:00,2024-12-06 07:02:28.206046+00:00,101,2024-12-05,17.559999465942383,17.8799991607666,16.739999771118164,17.299999237060547,17.299999237060547,8800,-0.057771399135577675,Insignificant Change,17.299999237060547
1528836,2024-12-06 07:02:04.792563+00:00,2024-12-06 07:02:04.792563+00:00,102,2024-12-05,143.58999633789062,145.08999633789062,143.0,143.0399932861328,143.0399932861328,616600,-0.6666713290744358,Negative Change,143.0399932861328
1528815,2024-12-06 07:02:04.791570+00:00,2024-12-06 07:02:04.791570+00:00,104,2024-12-05,226.11000061035156,227.4600067138672,225.5,226.39999389648438,226.39999389648438,342900,-0.6145781986470585,Negative Change,226.39999389648438
1528539,2024-12-06 06:59:50.945971+00:00,2024-12-06 06:59:50.945971+00:00,105,2024-12-05,203.99000549316406,204.5,201.7899932861328,203.2899932861328,203.2899932861328,491000,-0.5235894113442033,Negative Change,203.2899932861328
1528618,2024-12-06 07:00:30.825920+00:00,2024-12-06 07:00:30.825920+00:00,106,2024-12-05,131.2100067138672,132.5500030517578,130.17999267578125,132.10000610351562,132.10000610351562,1050100,0.8320064440753885,Positive Change,132.10000610351562
1528696,2024-12-06 07:01:10.349884+00:00,2024-12-06 07:01:10.349884+00:00,107,2024-12-05,3199.889892578125,3242.550048828125,3179.0,3190.070068359375,3190.070068359375,105800,0.0028240895296077085,Insignificant Change,3190.070068359375
1528697,2024-12-06 07:01:10.349884+00:00,2024-12-06 07:01:10.349884+00:00,108,2024-12-05,32.81999969482422,33.130001068115234,31.889999389648438,31.899999618530273,31.899999618530273,3548600,-3.3918862014130093,Large Negative Change,31.899999618530273
1528502,2024-12-06 06:59:37.008773+00:00,2024-12-06 06:59:37.008773+00:00,110,2024-12-05,90.5,91.3499984741211,89.44000244140625,89.80000305175781,89.80000305175781,2873600,-0.7625094798327755,Negative Change,89.80000305175781
1528694,2024-12-06 07:01:10.349884+00:00,2024-12-06 07:01:10.349884+00:00,111,2024-12-05,26.829999923706055,27.18000030517578,26.829999923706055,26.969999313354492,26.969999313354492,3007600,0.48434858430530653,Positive Change,26.969999313354492
1528589,2024-12-06 07:00:17.240846+00:00,2024-12-06 07:00:17.240846+00:00,112,2024-12-05,220.25,223.19000244140625,220.1699981689453,222.24000549316406,222.24000549316406,2362000,0.36580989214448323,Positive Change,222.24000549316406
1528798,2024-12-06 07:01:49.082055+00:00,2024-12-06 07:01:49.082055+00:00,113,2024-12-05,25.579999923706055,25.969999313354492,25.079999923706055,25.31999969482422,25.31999969482422,624800,-2.6902411630457586,Negative Change,25.31999969482422
1528521,2024-12-06 06:59:50.942911+00:00,2024-12-06 06:59:50.942911+00:00,114,2024-12-05,22.65999984741211,22.739999771118164,22.389999389648438,22.399999618530273,22.399999618530273,4581100,-1.1910033385752468,Negative Change,22.399999618530273
1528698,2024-12-06 07:01:10.349884+00:00,2024-12-06 07:01:10.349884+00:00,115,2024-12-05,161.10000610351562,162.6199951171875,158.30999755859375,159.25999450683594,159.25999450683594,1037300,-1.0315707687037037,Negative Change,159.25999450683594
1528715,2024-12-06 07:01:10.350880+00:00,2024-12-06 07:01:10.350880+00:00,116,2024-12-05,80.2699966430664,82.18000030517578,80.19999694824219,81.48999786376953,81.48999786376953,3635900,1.6211440114535105,Positive Change,81.48999786376953
1528684,2024-12-06 07:00:56.518795+00:00,2024-12-06 07:00:56.518795+00:00,117,2024-12-05,5253.8798828125,5330.0,5200.0,5287.93994140625,5287.93994140625,183700,0.8540609827237718,Positive Change,5287.93994140625
1528619,2024-12-06 07:00:30.825920+00:00,2024-12-06 07:00:30.825920+00:00,118,2024-12-05,42.61000061035156,42.88999938964844,42.18000030517578,42.5099983215332,42.5099983215332,5541900,-0.11748836970008289,Insignificant Change,42.5099983215332
1528802,2024-12-06 07:01:49.082055+00:00,2024-12-06 07:01:49.082055+00:00,119,2024-12-05,1030.0,1057.6099853515625,1028.530029296875,1044.780029296875,1044.780029296875,880500,1.4448009059207596,Positive Change,1044.780029296875
1528556,2024-12-06 07:00:04.610423+00:00,2024-12-06 07:00:04.610423+00:00,121,2024-12-05,58.29999923706055,59.22999954223633,58.22999954223633,58.84000015258789,58.84000015258789,8115800,0.8052102609280427,Positive Change,58.84000015258789
1528551,2024-12-06 07:00:04.610423+00:00,2024-12-06 07:00:04.610423+00:00,122,2024-12-05,231.9499969482422,236.10000610351562,230.67999267578125,235.91000366210938,235.91000366210938,594400,1.2793590692616588,Positive Change,235.91000366210938
1528652,2024-12-06 07:00:43.673545+00:00,2024-12-06 07:00:43.673545+00:00,124,2024-12-05,90.0,91.05999755859375,89.76000213623047,90.52999877929688,90.52999877929688,4173500,-0.34125668327932956,Negative Change,90.52999877929688
1528817,2024-12-06 07:02:04.791570+00:00,2024-12-06 07:02:04.791570+00:00,125,2024-12-05,2.7799999713897705,2.799999952316284,2.680000066757202,2.700000047683716,2.700000047683716,17976300,-2.8776951269557505,Negative Change,2.700000047683716
1528865,2024-12-06 07:02:17.477861+00:00,2024-12-06 07:02:17.477861+00:00,126,2024-12-05,35.15999984741211,35.369998931884766,33.810001373291016,33.9900016784668,33.9900016784668,2241000,-2.3275792423901445,Negative Change,33.9900016784668
1528873,2024-12-06 07:02:28.205048+00:00,2024-12-06 07:02:28.205048+00:00,127,2024-12-05,79.56999969482422,80.0,78.72000122070312,79.2300033569336,79.2300033569336,803800,-0.6769378323394334,Negative Change,79.2300033569336
1528726,2024-12-06 07:01:23.233173+00:00,2024-12-06 07:01:23.233173+00:00,128,2024-12-05,71.83000183105469,72.8499984741211,71.63999938964844,72.2300033569336,72.2300033569336,14306900,1.0209837159910402,Positive Change,72.2300033569336
1528663,2024-12-06 07:00:56.517782+00:00,2024-12-06 07:00:56.517782+00:00,129,2024-12-05,27.350000381469727,28.690000534057617,27.280000686645508,27.81999969482422,27.81999969482422,4797800,1.830161074616429,Positive Change,27.81999969482422
1528644,2024-12-06 07:00:43.672557+00:00,2024-12-06 07:00:43.672557+00:00,130,2024-12-05,124.5999984741211,125.23999786376953,121.1500015258789,122.83999633789062,122.83999633789062,2585100,-1.9163219153752469,Negative Change,122.83999633789062
1528535,2024-12-06 06:59:50.944943+00:00,2024-12-06 06:59:50.944943+00:00,131,2024-12-05,75.0,75.58200073242188,73.88999938964844,73.98999786376953,73.98999786376953,3246400,-1.8439897058836925,Negative Change,73.98999786376953
1528587,2024-12-06 07:00:17.240846+00:00,2024-12-06 07:00:17.240846+00:00,133,2024-12-05,137.2899932861328,138.0,135.97000122070312,136.4199981689453,136.4199981689453,1382400,-0.9655185706386117,Negative Change,136.4199981689453
1528820,2024-12-06 07:02:04.791570+00:00,2024-12-06 07:02:04.791570+00:00,134,2024-12-05,102.80000305175781,103.63999938964844,102.77999877929688,103.31999969482422,103.31999969482422,2284800,-0.1256619209790877,Insignificant Change,103.31999969482422
1528779,2024-12-06 07:01:35.996495+00:00,2024-12-06 07:01:35.996495+00:00,135,2024-12-05,26.989999771118164,27.170000076293945,26.420000076293945,26.450000762939453,26.450000762939453,21635500,-1.2322625662613111,Negative Change,26.450000762939453
1528649,2024-12-06 07:00:43.673545+00:00,2024-12-06 07:00:43.673545+00:00,136,2024-12-05,318.5,319.1499938964844,302.6400146484375,303.7900085449219,303.7900085449219,2696200,-6.393664711180855,Large Negative Change,303.7900085449219
1528559,2024-12-06 07:00:04.610423+00:00,2024-12-06 07:00:04.610423+00:00,137,2024-12-05,71.5,71.5,69.0199966430664,69.44000244140625,69.44000244140625,5437100,-2.059237028280949,Negative Change,69.44000244140625
1528750,2024-12-06 07:01:35.995496+00:00,2024-12-06 07:01:35.995496+00:00,140,2024-12-05,190.05999755859375,190.94000244140625,187.72999572753906,188.0500030517578,188.0500030517578,492300,-1.1407833850382367,Negative Change,188.0500030517578
1528801,2024-12-06 07:01:49.082055+00:00,2024-12-06 07:01:49.082055+00:00,141,2024-12-05,107.94000244140625,108.2699966430664,105.4800033569336,106.16999816894531,106.16999816894531,943800,-1.347337428573677,Negative Change,106.16999816894531
1528576,2024-12-06 07:00:17.240846+00:00,2024-12-06 07:00:17.240846+00:00,142,2024-12-05,109.43000030517578,110.80999755859375,109.0,109.16000366210938,109.16000366210938,1836200,-0.6642967800469636,Negative Change,109.16000366210938
1528804,2024-12-06 07:01:49.082055+00:00,2024-12-06 07:01:49.082055+00:00,144,2024-12-05,329.0199890136719,330.260009765625,321.8900146484375,322.6099853515625,322.6099853515625,1460400,-2.274933320218626,Negative Change,322.6099853515625
1528853,2024-12-06 07:02:17.476813+00:00,2024-12-06 07:02:17.476813+00:00,145,2024-12-05,156.82000732421875,158.02000427246094,156.25999450683594,157.16000366210938,157.16000366210938,531600,0.5502243080998395,Positive Change,157.16000366210938
1528830,2024-12-06 07:02:04.791570+00:00,2024-12-06 07:02:04.791570+00:00,146,2024-12-05,94.26000213623047,95.29000091552734,94.1500015258789,95.0999984741211,95.0999984741211,4407100,0.30587588123090037,Positive Change,95.0999984741211
1528642,2024-12-06 07:00:43.672557+00:00,2024-12-06 07:00:43.672557+00:00,147,2024-12-05,12.479999542236328,12.539999961853027,11.880000114440918,12.0600004196167,12.0600004196167,11862200,-3.0546557362093822,Large Negative Change,12.0600004196167
1528662,2024-12-06 07:00:56.517782+00:00,2024-12-06 07:00:56.517782+00:00,148,2024-12-05,42.61000061035156,42.97999954223633,42.459999084472656,42.790000915527344,42.790000915527344,13588000,0.56404625797915,Positive Change,42.790000915527344
1528739,2024-12-06 07:01:23.234174+00:00,2024-12-06 07:01:23.234174+00:00,149,2024-12-05,245.67999267578125,249.02000427246094,241.57000732421875,246.02000427246094,246.02000427246094,3253000,1.2428001121238426,Positive Change,246.02000427246094
1528840,2024-12-06 07:02:17.476813+00:00,2024-12-06 07:02:17.476813+00:00,150,2024-12-05,63.90999984741211,65.41999816894531,63.5099983215332,65.22000122070312,65.22000122070312,11203700,2.081705812741292,Positive Change,65.22000122070312
1528633,2024-12-06 07:00:43.671551+00:00,2024-12-06 07:00:43.671551+00:00,151,2024-12-05,376.82000732421875,381.92999267578125,375.2699890136719,378.57000732421875,378.57000732421875,787600,0.0634421696592845,Insignificant Change,378.57000732421875
1528527,2024-12-06 06:59:50.943943+00:00,2024-12-06 06:59:50.943943+00:00,152,2024-12-05,67.41000366210938,68.05000305175781,67.27999877929688,67.37999725341797,67.37999725341797,3652000,-0.17778184678819445,Insignificant Change,67.37999725341797
1528517,2024-12-06 06:59:50.942911+00:00,2024-12-06 06:59:50.942911+00:00,153,2024-12-05,59.68000030517578,59.75,57.86000061035156,57.95000076293945,57.95000076293945,4060400,-3.045005321876009,Large Negative Change,57.95000076293945
1528602,2024-12-06 07:00:30.824915+00:00,2024-12-06 07:00:30.824915+00:00,154,2024-12-05,32.380001068115234,32.529998779296875,31.889999389648438,31.989999771118164,31.989999771118164,3775900,-0.9597506912219799,Negative Change,31.989999771118164
1528774,2024-12-06 07:01:35.996495+00:00,2024-12-06 07:01:35.996495+00:00,155,2024-12-05,185.5,186.55999755859375,184.3699951171875,185.57000732421875,185.57000732421875,1682200,0.037739797422506736,Insignificant Change,185.57000732421875
1528746,2024-12-06 07:01:23.234174+00:00,2024-12-06 07:01:23.234174+00:00,158,2024-12-05,103.56999969482422,104.47000122070312,103.0199966430664,103.2300033569336,103.2300033569336,1849500,-1.6669841341593157,Negative Change,103.2300033569336
1528613,2024-12-06 07:00:30.825920+00:00,2024-12-06 07:00:30.825920+00:00,159,2024-12-05,105.08000183105469,105.87000274658203,104.01000213623047,104.44000244140625,104.44000244140625,7073800,0.8984641928147188,Positive Change,104.44000244140625
1528526,2024-12-06 06:59:50.943943+00:00,2024-12-06 06:59:50.943943+00:00,160,2024-12-05,986.6599731445312,990.1300048828125,978.2000122070312,982.260009765625,982.260009765625,2087400,-0.873932637739169,Negative Change,982.260009765625
1528494,2024-12-06 06:59:37.008773+00:00,2024-12-06 06:59:37.008773+00:00,161,2024-12-05,42.88999938964844,43.029998779296875,42.369998931884766,42.630001068115234,42.630001068115234,3685300,-0.1405424233399074,Insignificant Change,42.630001068115234
1528489,2024-12-06 06:59:37.008773+00:00,2024-12-06 06:59:37.008773+00:00,162,2024-12-05,35.369998931884766,35.369998931884766,34.58000183105469,34.619998931884766,34.619998931884766,12745300,-1.92634651521994,Negative Change,34.619998931884766
1528841,2024-12-06 07:02:17.476813+00:00,2024-12-06 07:02:17.476813+00:00,163,2024-12-05,223.3699951171875,224.52999877929688,221.63999938964844,223.22000122070312,223.22000122070312,1015200,-0.16994851182453757,Insignificant Change,223.22000122070312
1528665,2024-12-06 07:00:56.517782+00:00,2024-12-06 07:00:56.517782+00:00,165,2024-12-05,80.26000213623047,80.91999816894531,80.12999725341797,80.7300033569336,80.7300033569336,1823000,0.18615229892076923,Insignificant Change,80.7300033569336
1528650,2024-12-06 07:00:43.673545+00:00,2024-12-06 07:00:43.673545+00:00,166,2024-12-05,58.13999938964844,58.279998779296875,56.470001220703125,56.86000061035156,56.86000061035156,9062700,-2.0499545949162736,Negative Change,56.86000061035156
1528838,2024-12-06 07:02:04.792563+00:00,2024-12-06 07:02:04.792563+00:00,168,2024-12-05,56.400001525878906,57.380001068115234,56.20000076293945,56.90999984741211,56.90999984741211,5964000,0.9758680466719677,Positive Change,56.90999984741211
1528823,2024-12-06 07:02:04.791570+00:00,2024-12-06 07:02:04.791570+00:00,169,2024-12-05,66.63999938964844,67.5,65.3499984741211,65.7699966430664,65.7699966430664,9376600,2.349820193959481,Positive Change,65.7699966430664
1528679,2024-12-06 07:00:56.518795+00:00,2024-12-06 07:00:56.518795+00:00,170,2024-12-05,82.44999694824219,82.62999725341797,81.52999877929688,81.73999786376953,81.73999786376953,1741000,-0.9452239590734556,Negative Change,81.73999786376953
1528636,2024-12-06 07:00:43.671551+00:00,2024-12-06 07:00:43.671551+00:00,171,2024-12-05,457.9800109863281,458.3699951171875,447.92999267578125,448.1199951171875,448.1199951171875,1158700,-1.7840736584867307,Negative Change,448.1199951171875
1528673,2024-12-06 07:00:56.517782+00:00,2024-12-06 07:00:56.517782+00:00,172,2024-12-05,178.6699981689453,178.6699981689453,175.6300048828125,177.3000030517578,177.3000030517578,1301900,0.4817263350619133,Positive Change,177.3000030517578
1528695,2024-12-06 07:01:10.349884+00:00,2024-12-06 07:01:10.349884+00:00,173,2024-12-05,80.16999816894531,80.80000305175781,75.3499984741211,79.5999984741211,79.5999984741211,11385400,0.1257842441774764,Insignificant Change,79.5999984741211
1528833,2024-12-06 07:02:04.791570+00:00,2024-12-06 07:02:04.791570+00:00,174,2024-12-05,160.07000732421875,160.07000732421875,158.1699981689453,158.52000427246094,158.52000427246094,757000,-1.0733906401273192,Negative Change,158.52000427246094
1528708,2024-12-06 07:01:10.349884+00:00,2024-12-06 07:01:10.349884+00:00,175,2024-12-05,161.91000366210938,162.05999755859375,159.47000122070312,159.67999267578125,159.67999267578125,2145300,-1.0350253266572311,Negative Change,159.67999267578125
1528579,2024-12-06 07:00:17.240846+00:00,2024-12-06 07:00:17.240846+00:00,176,2024-12-05,235.0,235.75,227.1999969482422,227.8699951171875,227.8699951171875,5333400,-3.5511722613731296,Large Negative Change,227.8699951171875
1528557,2024-12-06 07:00:04.610423+00:00,2024-12-06 07:00:04.610423+00:00,178,2024-12-05,189.6999969482422,191.1300048828125,188.5500030517578,191.0800018310547,191.0800018310547,1507500,0.1257626796109984,Insignificant Change,191.0800018310547
1528701,2024-12-06 07:01:10.349884+00:00,2024-12-06 07:01:10.349884+00:00,179,2024-12-05,75.27999877929688,76.76000213623047,71.33000183105469,72.55999755859375,72.55999755859375,5201500,-1.720173697634588,Negative Change,72.55999755859375
1528585,2024-12-06 07:00:17.240846+00:00,2024-12-06 07:00:17.240846+00:00,180,2024-12-05,203.61000061035156,203.97000122070312,201.35000610351562,201.77999877929688,201.77999877929688,495700,-0.7378984696022972,Negative Change,201.77999877929688
1528500,2024-12-06 06:59:37.008773+00:00,2024-12-06 06:59:37.008773+00:00,181,2024-12-05,467.9200134277344,470.94000244140625,465.3900146484375,465.4100036621094,465.4100036621094,466200,-0.31058170221233167,Negative Change,465.4100036621094
1528545,2024-12-06 07:00:04.610423+00:00,2024-12-06 07:00:04.610423+00:00,183,2024-12-05,171.74000549316406,173.13999938964844,171.16000366210938,171.1699981689453,171.1699981689453,716100,-0.02920397815752752,Insignificant Change,171.1699981689453
1528693,2024-12-06 07:01:10.349884+00:00,2024-12-06 07:01:10.349884+00:00,184,2024-12-05,122.33000183105469,123.16999816894531,122.08000183105469,122.41999816894531,122.41999816894531,1094800,0.10630243882961883,Insignificant Change,122.41999816894531
1528606,2024-12-06 07:00:30.825920+00:00,2024-12-06 07:00:30.825920+00:00,185,2024-12-05,113.20999908447266,114.4000015258789,113.0,114.01000213623047,114.01000213623047,2178700,0.6444238742938702,Positive Change,114.01000213623047
1528878,2024-12-06 07:02:28.206046+00:00,2024-12-06 07:02:28.206046+00:00,186,2024-12-05,163.3800048828125,163.60000610351562,161.2899932861328,161.3699951171875,161.3699951171875,447300,-1.2302666823071273,Negative Change,161.3699951171875
1528616,2024-12-06 07:00:30.825920+00:00,2024-12-06 07:00:30.825920+00:00,187,2024-12-05,36.290000915527344,36.650001525878906,35.91999816894531,35.959999084472656,35.959999084472656,10300800,-0.9093464390448394,Negative Change,35.959999084472656
1528653,2024-12-06 07:00:43.673545+00:00,2024-12-06 07:00:43.673545+00:00,188,2024-12-05,22.59000015258789,22.649999618530273,21.950000762939453,22.010000228881836,22.010000228881836,610100,-2.1777767605251737,Negative Change,22.010000228881836
1528888,2024-12-06 07:02:28.206046+00:00,2024-12-06 07:02:28.206046+00:00,189,2024-12-05,80.91000366210938,81.0,78.05999755859375,78.91999816894531,78.91999816894531,3275700,-2.579933233146323,Negative Change,78.91999816894531
1528510,2024-12-06 06:59:37.009771+00:00,2024-12-06 06:59:37.009771+00:00,190,2024-12-05,165.19000244140625,167.08999633789062,165.0,165.6199951171875,165.6199951171875,1811000,-1.075142200122001,Negative Change,165.6199951171875
1528723,2024-12-06 07:01:23.233173+00:00,2024-12-06 07:01:23.233173+00:00,191,2024-12-05,63.27000045776367,63.939998626708984,63.060001373291016,63.619998931884766,63.619998931884766,2373000,0.4737827519052702,Positive Change,63.619998931884766
1528504,2024-12-06 06:59:37.008773+00:00,2024-12-06 06:59:37.008773+00:00,192,2024-12-05,247.60000610351562,248.8699951171875,246.38999938964844,247.97999572753906,247.97999572753906,824300,-0.3536144340810933,Negative Change,247.97999572753906
1528505,2024-12-06 06:59:37.008773+00:00,2024-12-06 06:59:37.008773+00:00,193,2024-12-05,96.69000244140625,97.31999969482422,96.41000366210938,96.5,96.5,2615800,-0.12420072776936078,Insignificant Change,96.5
1528864,2024-12-06 07:02:17.477861+00:00,2024-12-06 07:02:17.477861+00:00,194,2024-12-05,260.92999267578125,261.82000732421875,258.55999755859375,260.7799987792969,260.7799987792969,663700,-1.0622914999660182,Negative Change,260.7799987792969
1528704,2024-12-06 07:01:10.349884+00:00,2024-12-06 07:01:10.349884+00:00,195,2024-12-05,84.62999725341797,85.91999816894531,84.37999725341797,84.91999816894531,84.91999816894531,2527300,0.6876948734157291,Positive Change,84.91999816894531
1528651,2024-12-06 07:00:43.673545+00:00,2024-12-06 07:00:43.673545+00:00,196,2024-12-05,79.6500015258789,79.7699966430664,77.25,78.16999816894531,78.16999816894531,4241400,-1.412539706961589,Negative Change,78.16999816894531
1528549,2024-12-06 07:00:04.610423+00:00,2024-12-06 07:00:04.610423+00:00,197,2024-12-05,134.16000366210938,134.4499969482422,132.75,133.14999389648438,133.14999389648438,2377900,-0.8784396028330252,Negative Change,133.14999389648438
1528691,2024-12-06 07:01:10.349884+00:00,2024-12-06 07:01:10.349884+00:00,198,2024-12-05,43.5,44.13999938964844,43.4900016784668,43.91999816894531,43.91999816894531,5538100,0.6416104106621314,Positive Change,43.91999816894531
1528699,2024-12-06 07:01:10.349884+00:00,2024-12-06 07:01:10.349884+00:00,199,2024-12-05,61.97999954223633,62.20000076293945,61.400001525878906,61.63999938964844,61.63999938964844,1674600,-0.24276019365005713,Insignificant Change,61.63999938964844
1528725,2024-12-06 07:01:23.233173+00:00,2024-12-06 07:01:23.233173+00:00,201,2024-12-05,298.9599914550781,302.30999755859375,298.8900146484375,299.6700134277344,299.6700134277344,261800,-0.5706895176037784,Negative Change,299.6700134277344
1528847,2024-12-06 07:02:17.476813+00:00,2024-12-06 07:02:17.476813+00:00,203,2024-12-05,151.36000061035156,154.85000610351562,151.08999633789062,153.72999572753906,153.72999572753906,1748000,1.3715805570519757,Positive Change,153.72999572753906
1528764,2024-12-06 07:01:35.995496+00:00,2024-12-06 07:01:35.995496+00:00,204,2024-12-05,63.25,63.810001373291016,63.130001068115234,63.31999969482422,63.31999969482422,1757400,0.031596300165454214,Insignificant Change,63.31999969482422
1528524,2024-12-06 06:59:50.943943+00:00,2024-12-06 06:59:50.943943+00:00,205,2024-12-05,73.41000366210938,74.36000061035156,71.9000015258789,72.43000030517578,72.43000030517578,4559500,-2.385440317876371,Negative Change,72.43000030517578
1528882,2024-12-06 07:02:28.206046+00:00,2024-12-06 07:02:28.206046+00:00,206,2024-12-05,37.939998626708984,38.2400016784668,37.810001373291016,37.97999954223633,37.97999954223633,4712300,0.34346386619835423,Positive Change,37.97999954223633
1528495,2024-12-06 06:59:37.008773+00:00,2024-12-06 06:59:37.008773+00:00,207,2024-12-05,121.63999938964844,121.69000244140625,120.1500015258789,120.44999694824219,120.44999694824219,1027400,-0.6188118967695053,Negative Change,120.44999694824219
1528572,2024-12-06 07:00:04.611425+00:00,2024-12-06 07:00:04.611425+00:00,208,2024-12-05,188.6699981689453,192.27999877929688,187.35000610351562,191.00999450683594,191.00999450683594,1082400,1.4391882162281393,Positive Change,191.00999450683594
1528860,2024-12-06 07:02:17.477861+00:00,2024-12-06 07:02:17.477861+00:00,209,2024-12-05,163.3300018310547,164.27999877929688,162.60000610351562,163.63999938964844,163.63999938964844,516600,-0.21951256728753812,Insignificant Change,163.63999938964844
1528511,2024-12-06 06:59:37.009771+00:00,2024-12-06 06:59:37.009771+00:00,210,2024-12-05,82.69999694824219,82.70999908447266,81.68000030517578,81.76000213623047,81.76000213623047,2158500,-0.48685675273816875,Negative Change,81.76000213623047
1528858,2024-12-06 07:02:17.477861+00:00,2024-12-06 07:02:17.477861+00:00,214,2024-12-05,43.119998931884766,43.349998474121094,42.45000076293945,42.790000915527344,42.790000915527344,11871800,-0.5808550062316765,Negative Change,42.790000915527344
1528876,2024-12-06 07:02:28.205048+00:00,2024-12-06 07:02:28.205048+00:00,215,2024-12-05,284.19000244140625,285.7799987792969,279.2200012207031,279.4200134277344,279.4200134277344,1511500,-1.414804132120885,Negative Change,279.4200134277344
1528869,2024-12-06 07:02:28.205048+00:00,2024-12-06 07:02:28.205048+00:00,216,2024-12-05,254.94000244140625,258.0,252.97000122070312,257.04998779296875,257.04998779296875,478300,1.1490114721017488,Positive Change,257.04998779296875
1528622,2024-12-06 07:00:30.825920+00:00,2024-12-06 07:00:30.825920+00:00,217,2024-12-05,85.2300033569336,85.66000366210938,84.8499984741211,85.48999786376953,85.48999786376953,4084900,0.2815224208440249,Insignificant Change,85.48999786376953
1528493,2024-12-06 06:59:37.008773+00:00,2024-12-06 06:59:37.008773+00:00,219,2024-12-05,47.22999954223633,47.86000061035156,46.97999954223633,47.31999969482422,47.31999969482422,3846400,0.981645493984566,Positive Change,47.31999969482422
1528751,2024-12-06 07:01:35.995496+00:00,2024-12-06 07:01:35.995496+00:00,221,2024-12-05,62.02000045776367,62.31999969482422,61.540000915527344,61.709999084472656,61.709999084472656,790600,-0.46774341214087706,Negative Change,61.709999084472656
1528660,2024-12-06 07:00:56.517782+00:00,2024-12-06 07:00:56.517782+00:00,223,2024-12-05,59.25,59.279998779296875,56.7400016784668,57.189998626708984,57.189998626708984,1276700,-3.0842225836161172,Large Negative Change,57.189998626708984
1528591,2024-12-06 07:00:17.241847+00:00,2024-12-06 07:00:17.241847+00:00,224,2024-12-05,108.55000305175781,109.0999984741211,106.80999755859375,107.18000030517578,107.18000030517578,1034100,-0.9518517586279809,Negative Change,107.18000030517578
1528835,2024-12-06 07:02:04.791570+00:00,2024-12-06 07:02:04.791570+00:00,225,2024-12-05,113.19000244140625,113.77999877929688,112.7699966430664,113.61000061035156,113.61000061035156,395900,-0.13185787892239634,Insignificant Change,113.61000061035156
1528822,2024-12-06 07:02:04.791570+00:00,2024-12-06 07:02:04.791570+00:00,227,2024-12-05,180.3300018310547,180.77000427246094,172.7100067138672,172.91000366210938,172.91000366210938,7540100,-5.3325981712844035,Large Negative Change,172.91000366210938
1528523,2024-12-06 06:59:50.943943+00:00,2024-12-06 06:59:50.943943+00:00,228,2024-12-05,91.5999984741211,94.2699966430664,91.5999984741211,93.38999938964844,93.38999938964844,12428600,1.965283462963907,Positive Change,93.38999938964844
1528743,2024-12-06 07:01:23.234174+00:00,2024-12-06 07:01:23.234174+00:00,229,2024-12-05,49.08000183105469,50.0,49.08000183105469,49.7599983215332,49.7599983215332,4480800,1.2410921194643623,Positive Change,49.7599983215332
1528752,2024-12-06 07:01:35.995496+00:00,2024-12-06 07:01:35.995496+00:00,230,2024-12-05,175.36000061035156,176.05999755859375,172.3300018310547,172.63999938964844,172.63999938964844,21309800,-0.992140721444878,Negative Change,172.63999938964844
1528577,2024-12-06 07:00:17.240846+00:00,2024-12-06 07:00:17.240846+00:00,231,2024-12-05,125.87000274658203,126.16000366210938,123.86000061035156,124.62000274658203,124.62000274658203,1144200,-1.008814559713815,Negative Change,124.62000274658203
1528770,2024-12-06 07:01:35.995496+00:00,2024-12-06 07:01:35.995496+00:00,232,2024-12-05,115.9800033569336,117.12999725341797,115.25,115.8499984741211,115.8499984741211,2566400,-0.855798042839916,Negative Change,115.8499984741211
1528682,2024-12-06 07:00:56.518795+00:00,2024-12-06 07:00:56.518795+00:00,234,2024-12-05,215.8300018310547,217.75999450683594,215.77999877929688,216.58999633789062,216.58999633789062,958100,0.3800306109250721,Positive Change,216.58999633789062
1528666,2024-12-06 07:00:56.517782+00:00,2024-12-06 07:00:56.517782+00:00,235,2024-12-05,10.84000015258789,10.899999618530273,9.970000267028809,9.989999771118164,9.989999771118164,6188000,-7.585574622277496,Bear Sell Off,9.989999771118164
1528740,2024-12-06 07:01:23.234174+00:00,2024-12-06 07:01:23.234174+00:00,236,2024-12-05,1188.4100341796875,1195.31005859375,1186.449951171875,1188.6500244140625,1188.6500244140625,192000,-0.3312050354465541,Negative Change,1188.6500244140625
1528799,2024-12-06 07:01:49.082055+00:00,2024-12-06 07:01:49.082055+00:00,237,2024-12-05,30.6299991607666,30.860000610351562,29.989999771118164,30.020000457763672,30.020000457763672,7720300,-1.8954245636456986,Negative Change,30.020000457763672
1528592,2024-12-06 07:00:17.241847+00:00,2024-12-06 07:00:17.241847+00:00,238,2024-12-05,67.43000030517578,67.83000183105469,66.6500015258789,67.0999984741211,67.0999984741211,1666400,-0.23788827985062902,Insignificant Change,67.0999984741211
1528540,2024-12-06 06:59:50.945971+00:00,2024-12-06 06:59:50.945971+00:00,239,2024-12-05,17.68000030517578,17.959999084472656,17.610000610351562,17.700000762939453,17.700000762939453,12806600,0.5681839733083904,Positive Change,17.700000762939453
1528719,2024-12-06 07:01:10.350880+00:00,2024-12-06 07:01:10.350880+00:00,240,2024-12-05,8.510000228881836,8.6899995803833,8.479999542236328,8.609999656677246,8.609999656677246,4684900,0.3496472405355604,Positive Change,8.609999656677246
1528871,2024-12-06 07:02:28.205048+00:00,2024-12-06 07:02:28.205048+00:00,241,2024-12-05,324.4700012207031,325.510009765625,319.2799987792969,320.04998779296875,320.04998779296875,1384600,-1.246569962224268,Negative Change,320.04998779296875
1528654,2024-12-06 07:00:43.673545+00:00,2024-12-06 07:00:43.673545+00:00,242,2024-12-05,33.599998474121094,33.68000030517578,33.470001220703125,33.630001068115234,33.630001068115234,1600400,0.14889587353836212,Insignificant Change,33.630001068115234
1528785,2024-12-06 07:01:49.082055+00:00,2024-12-06 07:01:49.082055+00:00,243,2024-12-05,144.27000427246094,145.8300018310547,143.60000610351562,144.72999572753906,144.72999572753906,1239700,0.5348631409849084,Positive Change,144.72999572753906
1528492,2024-12-06 06:59:37.008773+00:00,2024-12-06 06:59:37.008773+00:00,244,2024-12-05,121.06999969482422,122.16999816894531,120.76000213623047,121.22000122070312,121.22000122070312,1087900,0.5140984696737574,Positive Change,121.22000122070312
1528588,2024-12-06 07:00:17.240846+00:00,2024-12-06 07:00:17.240846+00:00,245,2024-12-05,193.22999572753906,193.72999572753906,188.60000610351562,188.8800048828125,188.8800048828125,685100,-2.0839757080703256,Negative Change,188.8800048828125
1528648,2024-12-06 07:00:43.673545+00:00,2024-12-06 07:00:43.673545+00:00,246,2024-12-05,254.47000122070312,256.739990234375,253.9499969482422,255.38999938964844,255.38999938964844,1430600,0.543287631453951,Positive Change,255.38999938964844
1528617,2024-12-06 07:00:30.825920+00:00,2024-12-06 07:00:30.825920+00:00,247,2024-12-05,25.75,25.8799991607666,25.670000076293945,25.700000762939453,25.700000762939453,1348000,-0.31031777182029346,Negative Change,25.700000762939453
1528583,2024-12-06 07:00:17.240846+00:00,2024-12-06 07:00:17.240846+00:00,248,2024-12-05,22.600000381469727,22.739999771118164,21.56999969482422,21.649999618530273,21.649999618530273,25974000,-0.5055175054895439,Negative Change,21.649999618530273
1528809,2024-12-06 07:01:49.083604+00:00,2024-12-06 07:01:49.083604+00:00,249,2024-12-05,17.459999084472656,17.540000915527344,17.440000534057617,17.489999771118164,17.489999771118164,41100,-0.11422305826519726,Insignificant Change,17.489999771118164
1528515,2024-12-06 06:59:50.942911+00:00,2024-12-06 06:59:50.942911+00:00,250,2024-12-05,36.58000183105469,36.619998931884766,36.029998779296875,36.16999816894531,36.16999816894531,8251100,-0.5225589609923081,Negative Change,36.16999816894531
1528669,2024-12-06 07:00:56.517782+00:00,2024-12-06 07:00:56.517782+00:00,251,2024-12-05,58.15999984741211,58.47999954223633,57.27000045776367,57.349998474121094,57.349998474121094,900000,-1.384232348161205,Negative Change,57.349998474121094
1528890,2024-12-06 07:02:28.207041+00:00,2024-12-06 07:02:28.207041+00:00,252,2024-12-05,32.13999938964844,32.91999816894531,32.0,32.86000061035156,32.86000061035156,3162900,2.719602517843309,Positive Change,32.86000061035156
1528629,2024-12-06 07:00:30.827528+00:00,2024-12-06 07:00:30.827528+00:00,254,2024-12-05,74.48999786376953,74.6500015258789,71.94000244140625,72.48999786376953,72.48999786376953,1382400,-2.6849242278912193,Negative Change,72.48999786376953
1528656,2024-12-06 07:00:43.673545+00:00,2024-12-06 07:00:43.673545+00:00,255,2024-12-05,18.530000686645508,18.969999313354492,18.3799991607666,18.799999237060547,18.799999237060547,9272300,1.4570887232056384,Positive Change,18.799999237060547
1528844,2024-12-06 07:02:17.476813+00:00,2024-12-06 07:02:17.476813+00:00,256,2024-12-05,177.27999877929688,177.3300018310547,173.0500030517578,174.5,174.5,1953400,-1.89463946123528,Negative Change,174.5
1528845,2024-12-06 07:02:17.476813+00:00,2024-12-06 07:02:17.476813+00:00,257,2024-12-05,288.44000244140625,288.44000244140625,281.9100036621094,283.05999755859375,283.05999755859375,1081300,-1.7425677754995996,Negative Change,283.05999755859375
1528596,2024-12-06 07:00:17.241847+00:00,2024-12-06 07:00:17.241847+00:00,258,2024-12-05,156.4600067138672,157.41000366210938,155.58999633789062,156.3699951171875,156.3699951171875,4459600,0.17295900263631983,Insignificant Change,156.3699951171875
1528741,2024-12-06 07:01:23.234174+00:00,2024-12-06 07:01:23.234174+00:00,259,2024-12-05,431.2900085449219,436.04998779296875,425.1600036621094,427.489990234375,427.489990234375,520300,-1.5974961578183744,Negative Change,427.489990234375
1528716,2024-12-06 07:01:10.350880+00:00,2024-12-06 07:01:10.350880+00:00,260,2024-12-05,89.08000183105469,89.51000213623047,88.62000274658203,89.0,89.0,1093900,-0.33594965454136916,Negative Change,89.0
1528531,2024-12-06 06:59:50.944943+00:00,2024-12-06 06:59:50.944943+00:00,261,2024-12-05,142.2100067138672,144.0,139.33999633789062,139.91000366210938,139.91000366210938,1393200,-1.817541289747807,Negative Change,139.91000366210938
1528862,2024-12-06 07:02:17.477861+00:00,2024-12-06 07:02:17.477861+00:00,262,2024-12-05,73.0199966430664,75.37000274658203,72.87000274658203,74.91999816894531,74.91999816894531,1760600,0.4020308380074705,Positive Change,74.91999816894531
1528800,2024-12-06 07:01:49.082055+00:00,2024-12-06 07:01:49.082055+00:00,264,2024-12-05,651.9600219726562,653.0499877929688,641.4500122070312,648.7000122070312,648.7000122070312,1218900,-0.9073692882333537,Negative Change,648.7000122070312
1528765,2024-12-06 07:01:35.995496+00:00,2024-12-06 07:01:35.995496+00:00,265,2024-12-05,57.060001373291016,57.43000030517578,56.61000061035156,56.709999084472656,56.709999084472656,3732400,-1.7498304138430947,Negative Change,56.709999084472656
1528709,2024-12-06 07:01:10.349884+00:00,2024-12-06 07:01:10.350880+00:00,266,2024-12-05,29.309999465942383,29.670000076293945,29.200000762939453,29.479999542236328,29.479999542236328,6270300,0.8207926573078296,Positive Change,29.479999542236328
1528534,2024-12-06 06:59:50.944943+00:00,2024-12-06 06:59:50.944943+00:00,267,2024-12-05,75.6500015258789,76.19000244140625,73.75,75.19000244140625,75.19000244140625,242500,-0.22558143254839796,Insignificant Change,75.19000244140625
1528516,2024-12-06 06:59:50.942911+00:00,2024-12-06 06:59:50.942911+00:00,268,2024-12-05,202.69000244140625,203.3300018310547,198.5399932861328,199.92999267578125,199.92999267578125,1287500,-1.59472634855755,Negative Change,199.92999267578125
1528643,2024-12-06 07:00:43.672557+00:00,2024-12-06 07:00:43.672557+00:00,269,2024-12-05,118.12999725341797,118.83000183105469,117.37999725341797,118.37000274658203,118.37000274658203,1414200,-0.41224790615292756,Negative Change,118.37000274658203
1528571,2024-12-06 07:00:04.611425+00:00,2024-12-06 07:00:04.611425+00:00,270,2024-12-05,83.2699966430664,84.0,83.0,83.08999633789062,83.08999633789062,3668400,-0.8354273421507972,Negative Change,83.08999633789062
1528875,2024-12-06 07:02:28.205048+00:00,2024-12-06 07:02:28.205048+00:00,272,2024-12-05,23.719999313354492,23.75,23.110000610351562,23.459999084472656,23.459999084472656,1950400,-2.2092567390666744,Negative Change,23.459999084472656
1528528,2024-12-06 06:59:50.943943+00:00,2024-12-06 06:59:50.943943+00:00,273,2024-12-05,80.5,80.83999633789062,80.45999908447266,80.7699966430664,80.7699966430664,1568100,0.3478677931769571,Positive Change,80.7699966430664
1528558,2024-12-06 07:00:04.610423+00:00,2024-12-06 07:00:04.610423+00:00,274,2024-12-05,18.850000381469727,18.989999771118164,18.68000030517578,18.719999313354492,18.719999313354492,7767500,-0.160003662109375,Insignificant Change,18.719999313354492
1528609,2024-12-06 07:00:30.825920+00:00,2024-12-06 07:00:30.825920+00:00,275,2024-12-05,172.1999969482422,172.5,169.52000427246094,169.6300048828125,169.6300048828125,821500,-1.5267558968365516,Negative Change,169.6300048828125
1528578,2024-12-06 07:00:17.240846+00:00,2024-12-06 07:00:17.240846+00:00,276,2024-12-05,30.920000076293945,31.040000915527344,30.6299991607666,30.90999984741211,30.90999984741211,10089600,-0.2903230728641633,Insignificant Change,30.90999984741211
1528872,2024-12-06 07:02:28.205048+00:00,2024-12-06 07:02:28.205048+00:00,277,2024-12-05,25.0,25.18000030517578,24.93000030517578,25.100000381469727,25.100000381469727,4036200,0.19960537298222683,Insignificant Change,25.100000381469727
1528604,2024-12-06 07:00:30.825920+00:00,2024-12-06 07:00:30.825920+00:00,278,2024-12-05,660.3800048828125,662.9199829101562,641.3900146484375,642.6099853515625,642.6099853515625,1028200,-3.5438723529474276,Large Negative Change,642.6099853515625
1528839,2024-12-06 07:02:17.476813+00:00,2024-12-06 07:02:17.476813+00:00,279,2024-12-05,27.520000457763672,28.219999313354492,27.479999542236328,27.969999313354492,27.969999313354492,13451600,2.117560922346188,Positive Change,27.969999313354492
1528538,2024-12-06 06:59:50.944943+00:00,2024-12-06 06:59:50.944943+00:00,280,2024-12-05,84.18000030517578,85.4800033569336,84.18000030517578,84.55999755859375,84.55999755859375,1592300,1.1120415349981039,Positive Change,84.55999755859375
1528561,2024-12-06 07:00:04.610423+00:00,2024-12-06 07:00:04.610423+00:00,281,2024-12-05,58.709999084472656,61.369998931884766,58.52000045776367,60.709999084472656,60.709999084472656,6670100,1.3353350677651585,Positive Change,60.709999084472656
1528628,2024-12-06 07:00:30.827528+00:00,2024-12-06 07:00:30.827528+00:00,282,2024-12-05,15.430000305175781,15.619999885559082,15.079999923706055,15.390000343322754,15.390000343322754,9764600,0.5882362840909735,Positive Change,15.390000343322754
1528721,2024-12-06 07:01:23.233173+00:00,2024-12-06 07:01:23.233173+00:00,284,2024-12-05,86.12000274658203,86.6500015258789,85.66999816894531,85.94000244140625,85.94000244140625,620500,0.10483863585890142,Insignificant Change,85.94000244140625
1528525,2024-12-06 06:59:50.943943+00:00,2024-12-06 06:59:50.943943+00:00,285,2024-12-05,69.68000030517578,71.2699966430664,68.5199966430664,68.6500015258789,68.6500015258789,479300,-2.5134857839956055,Negative Change,68.6500015258789
1528680,2024-12-06 07:00:56.518795+00:00,2024-12-06 07:00:56.518795+00:00,286,2024-12-05,12.300000190734863,12.300000190734863,11.600000381469727,11.8100004196167,11.8100004196167,1481800,-3.513066662926767,Large Negative Change,11.8100004196167
1528624,2024-12-06 07:00:30.825920+00:00,2024-12-06 07:00:30.825920+00:00,287,2024-12-05,167.6699981689453,168.1999969482422,164.63999938964844,164.99000549316406,164.99000549316406,2072600,-1.4337737650011564,Negative Change,164.99000549316406
1528668,2024-12-06 07:00:56.517782+00:00,2024-12-06 07:00:56.517782+00:00,288,2024-12-05,236.61000061035156,237.6199951171875,234.0500030517578,234.89999389648438,234.89999389648438,465900,-1.048909178805382,Negative Change,234.89999389648438
1528874,2024-12-06 07:02:28.205048+00:00,2024-12-06 07:02:28.205048+00:00,289,2024-12-05,239.50999450683594,239.6999969482422,236.27999877929688,238.13999938964844,238.13999938964844,901100,-0.9730523866699552,Negative Change,238.13999938964844
1528778,2024-12-06 07:01:35.996495+00:00,2024-12-06 07:01:35.996495+00:00,290,2024-12-05,457.260009765625,457.6499938964844,448.010009765625,448.5799865722656,448.5799865722656,2302100,-2.3658777551337877,Negative Change,448.5799865722656
1528600,2024-12-06 07:00:17.241847+00:00,2024-12-06 07:00:17.241847+00:00,291,2024-12-05,39.27000045776367,39.869998931884766,39.18000030517578,39.720001220703125,39.720001220703125,3929200,0.6079069940465407,Positive Change,39.720001220703125
1528803,2024-12-06 07:01:49.082055+00:00,2024-12-06 07:01:49.082055+00:00,292,2024-12-05,827.780029296875,831.1300048828125,817.4600219726562,825.6199951171875,825.6199951171875,2418500,-0.5085355733287908,Negative Change,825.6199951171875
1528790,2024-12-06 07:01:49.082055+00:00,2024-12-06 07:01:49.082055+00:00,293,2024-12-05,517.4199829101562,520.5599975585938,514.010009765625,517.47998046875,517.47998046875,1113400,-0.0038685084541062805,Insignificant Change,517.47998046875
1528772,2024-12-06 07:01:35.995496+00:00,2024-12-06 07:01:35.995496+00:00,294,2024-12-05,35.130001068115234,35.150001525878906,34.81999969482422,34.849998474121094,34.849998474121094,881800,-0.20045732673167818,Insignificant Change,34.849998474121094
1528706,2024-12-06 07:01:10.349884+00:00,2024-12-06 07:01:10.349884+00:00,295,2024-12-05,271.6300048828125,272.8299865722656,269.5400085449219,270.07000732421875,270.07000732421875,1959800,-0.8080147567577322,Negative Change,270.07000732421875
1528640,2024-12-06 07:00:43.672557+00:00,2024-12-06 07:00:43.672557+00:00,296,2024-12-05,77.87999725341797,77.87999725341797,74.6500015258789,75.20999908447266,75.20999908447266,12920200,-3.8972693183020164,Large Negative Change,75.20999908447266
1528601,2024-12-06 07:00:17.241847+00:00,2024-12-06 07:00:17.241847+00:00,298,2024-12-05,35.459999084472656,36.119998931884766,34.38999938964844,34.84000015258789,34.84000015258789,15578700,2.0204936921777374,Positive Change,34.84000015258789
1528810,2024-12-06 07:02:04.790651+00:00,2024-12-06 07:02:04.790651+00:00,299,2024-12-05,54.68000030517578,54.900001525878906,53.79999923706055,53.84000015258789,53.84000015258789,2872800,-1.3919383567261847,Negative Change,53.84000015258789
1528598,2024-12-06 07:00:17.241847+00:00,2024-12-06 07:00:17.241847+00:00,300,2024-12-05,77.75,78.0999984741211,76.22000122070312,77.41000366210938,77.41000366210938,4741400,-0.6927431780290655,Negative Change,77.41000366210938
1528580,2024-12-06 07:00:17.240846+00:00,2024-12-06 07:00:17.240846+00:00,301,2024-12-05,136.41000366210938,136.72999572753906,133.74000549316406,134.6699981689453,134.6699981689453,3158300,-1.5066171454423893,Negative Change,134.6699981689453
1528543,2024-12-06 06:59:50.945971+00:00,2024-12-06 06:59:50.945971+00:00,302,2024-12-05,524.5999755859375,527.469970703125,522.1699829101562,524.77001953125,524.77001953125,2538600,0.6965507888050606,Positive Change,524.77001953125
1528842,2024-12-06 07:02:17.476813+00:00,2024-12-06 07:02:17.476813+00:00,303,2024-12-05,158.69000244140625,159.75999450683594,158.32000732421875,159.19000244140625,159.19000244140625,495600,-0.5062484741210938,Negative Change,159.19000244140625
1528631,2024-12-06 07:00:30.827528+00:00,2024-12-06 07:00:30.827528+00:00,304,2024-12-05,21.440000534057617,21.989999771118164,21.25,21.8700008392334,21.8700008392334,2606200,1.815648534955539,Positive Change,21.8700008392334
1528782,2024-12-06 07:01:49.082055+00:00,2024-12-06 07:01:49.082055+00:00,305,2024-12-05,289.9599914550781,294.6499938964844,289.8800048828125,292.4800109863281,292.4800109863281,1307400,0.9840161776984291,Positive Change,292.4800109863281
1528710,2024-12-06 07:01:10.350880+00:00,2024-12-06 07:01:10.350880+00:00,306,2024-12-05,80.37999725341797,80.91999816894531,80.20999908447266,80.38999938964844,80.38999938964844,1245000,0.037330486646376046,Insignificant Change,80.38999938964844
1528828,2024-12-06 07:02:04.791570+00:00,2024-12-06 07:02:04.791570+00:00,307,2024-12-05,19.790000915527344,19.950000762939453,19.68000030517578,19.760000228881836,19.760000228881836,2167700,-0.50352657802842,Negative Change,19.760000228881836
1528776,2024-12-06 07:01:35.996495+00:00,2024-12-06 07:01:35.996495+00:00,308,2024-12-05,608.5800170898438,609.8599853515625,599.2899780273438,607.52001953125,607.52001953125,846400,-0.7303993160759258,Negative Change,607.52001953125
1528590,2024-12-06 07:00:17.241847+00:00,2024-12-06 07:00:17.241847+00:00,309,2024-12-05,61.4900016784668,61.70000076293945,57.959999084472656,58.25,58.25,14288600,-5.499674599636255,Large Negative Change,58.25
1528508,2024-12-06 06:59:37.009771+00:00,2024-12-06 06:59:37.009771+00:00,310,2024-12-05,63.02000045776367,63.29999923706055,62.43000030517578,63.2400016784668,63.2400016784668,10781000,-0.047413907191135383,Insignificant Change,63.2400016784668
1528630,2024-12-06 07:00:30.827528+00:00,2024-12-06 07:00:30.827528+00:00,311,2024-12-05,84.56999969482422,85.33999633789062,84.0,84.13999938964844,84.13999938964844,6967200,-1.3830289608490982,Negative Change,84.13999938964844
1528868,2024-12-06 07:02:17.477861+00:00,2024-12-06 07:02:17.477861+00:00,312,2024-12-05,85.58000183105469,86.36000061035156,85.20999908447266,85.87999725341797,85.87999725341797,3165000,0.5856172594102347,Positive Change,85.87999725341797
1528783,2024-12-06 07:01:49.082055+00:00,2024-12-06 07:01:49.082055+00:00,313,2024-12-05,37.70000076293945,37.779998779296875,36.81999969482422,36.84000015258789,36.84000015258789,3386800,-1.812367528996325,Negative Change,36.84000015258789
1528724,2024-12-06 07:01:23.233173+00:00,2024-12-06 07:01:23.233173+00:00,314,2024-12-05,132.13999938964844,133.57000732421875,130.89999389648438,131.42999267578125,131.42999267578125,816100,0.16003006639584894,Insignificant Change,131.42999267578125
1528487,2024-12-06 06:59:37.007756+00:00,2024-12-06 06:59:37.007756+00:00,315,2024-12-05,77.13999938964844,78.33000183105469,77.05000305175781,78.13999938964844,78.13999938964844,1761400,0.7997971793481572,Positive Change,78.13999938964844
1528722,2024-12-06 07:01:23.233173+00:00,2024-12-06 07:01:23.233173+00:00,317,2024-12-05,580.0,586.4199829101562,573.4600219726562,582.3900146484375,582.3900146484375,450400,-0.008582479355679008,Insignificant Change,582.3900146484375
1528530,2024-12-06 06:59:50.943943+00:00,2024-12-06 06:59:50.944943+00:00,318,2024-12-05,229.13999938964844,229.83999633789062,228.02999877929688,228.25999450683594,228.25999450683594,1633100,-0.6442112609648052,Negative Change,228.25999450683594
1528647,2024-12-06 07:00:43.673545+00:00,2024-12-06 07:00:43.673545+00:00,319,2024-12-05,54.06999969482422,54.06999969482422,53.06999969482422,53.099998474121094,53.099998474121094,4677600,-1.209305164425872,Negative Change,53.099998474121094
1528731,2024-12-06 07:01:23.234174+00:00,2024-12-06 07:01:23.234174+00:00,320,2024-12-05,56.650001525878906,57.369998931884766,56.599998474121094,56.90999984741211,56.90999984741211,5398000,0.8148787923040292,Positive Change,56.90999984741211
1528513,2024-12-06 06:59:37.009771+00:00,2024-12-06 06:59:37.009771+00:00,322,2024-12-05,26.469999313354492,26.770000457763672,25.600000381469727,25.610000610351562,25.610000610351562,4611000,-3.3949368848152734,Large Negative Change,25.610000610351562
1528829,2024-12-06 07:02:04.791570+00:00,2024-12-06 07:02:04.791570+00:00,323,2024-12-05,150.9600067138672,151.5,148.1300048828125,150.10000610351562,150.10000610351562,2199100,-0.19945997682368405,Insignificant Change,150.10000610351562
1528689,2024-12-06 07:00:56.518795+00:00,2024-12-06 07:00:56.518795+00:00,324,2024-12-05,41.900001525878906,44.45000076293945,41.744998931884766,42.939998626708984,42.939998626708984,8075200,3.146763211584657,Large Positive Change,42.939998626708984
1528678,2024-12-06 07:00:56.518795+00:00,2024-12-06 07:00:56.518795+00:00,325,2024-12-05,610.260009765625,616.3900146484375,608.719970703125,609.9099731445312,609.9099731445312,402000,-0.9773869762531392,Negative Change,609.9099731445312
1528849,2024-12-06 07:02:17.476813+00:00,2024-12-06 07:02:17.476813+00:00,326,2024-12-05,497.0400085449219,500.8599853515625,494.2900085449219,494.9700012207031,494.9700012207031,1278500,-0.5824801504259723,Negative Change,494.9700012207031
1528608,2024-12-06 07:00:30.825920+00:00,2024-12-06 07:00:30.825920+00:00,328,2024-12-05,213.25,215.0500030517578,212.05999755859375,212.4199981689453,212.4199981689453,881800,0.2548580676272281,Insignificant Change,212.4199981689453
1528533,2024-12-06 06:59:50.944943+00:00,2024-12-06 06:59:50.944943+00:00,329,2024-12-05,1259.22998046875,1266.4200439453125,1245.989990234375,1247.9000244140625,1247.9000244140625,109000,-1.1760028181300732,Negative Change,1247.9000244140625
1528671,2024-12-06 07:00:56.517782+00:00,2024-12-06 07:00:56.517782+00:00,330,2024-12-05,103.87999725341797,104.25,100.61000061035156,100.87000274658203,100.87000274658203,13427300,-2.257746386202624,Negative Change,100.87000274658203
1528735,2024-12-06 07:01:23.234174+00:00,2024-12-06 07:01:23.234174+00:00,334,2024-12-05,80.98999786376953,81.55999755859375,80.81999969482422,81.2699966430664,81.2699966430664,2236400,0.5443459137009122,Positive Change,81.2699966430664
1528700,2024-12-06 07:01:10.349884+00:00,2024-12-06 07:01:10.349884+00:00,335,2024-12-05,75.63999938964844,76.54000091552734,75.41999816894531,76.19999694824219,76.19999694824219,6487200,0.6073397114428732,Positive Change,76.19999694824219
1528791,2024-12-06 07:01:49.082055+00:00,2024-12-06 07:01:49.082055+00:00,336,2024-12-05,41.43000030517578,41.599998474121094,40.119998931884766,41.06999969482422,41.06999969482422,10965100,-0.8210580870338706,Negative Change,41.06999969482422
1528857,2024-12-06 07:02:17.477861+00:00,2024-12-06 07:02:17.477861+00:00,337,2024-12-05,917.8499755859375,927.0,911.1099853515625,917.8699951171875,917.8699951171875,2832500,0.7474806902775657,Positive Change,917.8699951171875
1528661,2024-12-06 07:00:56.517782+00:00,2024-12-06 07:00:56.517782+00:00,339,2024-12-05,485.79998779296875,486.5899963378906,478.1400146484375,479.57000732421875,479.57000732421875,932500,-1.4487665660493414,Negative Change,479.57000732421875
1528734,2024-12-06 07:01:23.234174+00:00,2024-12-06 07:01:23.234174+00:00,340,2024-12-05,1115.0999755859375,1130.5999755859375,1113.1099853515625,1123.719970703125,1123.719970703125,1075000,0.052528720428411765,Insignificant Change,1123.719970703125
1528486,2024-12-06 06:59:37.007756+00:00,2024-12-06 06:59:37.007756+00:00,341,2024-12-05,100.51000213623047,102.30000305175781,99.73999786376953,101.27999877929688,101.27999877929688,1858700,0.3467734797016002,Positive Change,101.27999877929688
1528547,2024-12-06 07:00:04.610423+00:00,2024-12-06 07:00:04.610423+00:00,342,2024-12-05,268.1700134277344,268.5,263.67999267578125,264.0,264.0,725200,-1.3563519846745042,Negative Change,264.0
1528834,2024-12-06 07:02:04.791570+00:00,2024-12-06 07:02:04.791570+00:00,343,2024-12-05,129.0,130.24000549316406,128.50999450683594,128.7899932861328,128.7899932861328,1864300,-0.20147986011338445,Insignificant Change,128.7899932861328
1528675,2024-12-06 07:00:56.518795+00:00,2024-12-06 07:00:56.518795+00:00,344,2024-12-05,108.7699966430664,110.5999984741211,108.75,109.94000244140625,109.94000244140625,1112400,1.0756696096803882,Positive Change,109.94000244140625
1528825,2024-12-06 07:02:04.791570+00:00,2024-12-06 07:02:04.791570+00:00,345,2024-12-05,149.0,149.00999450683594,143.36000061035156,145.57000732421875,145.57000732421875,2115800,-2.5048491698670845,Negative Change,145.57000732421875
1528819,2024-12-06 07:02:04.791570+00:00,2024-12-06 07:02:04.791570+00:00,346,2024-12-05,9056.4501953125,9143.2802734375,8949.5498046875,8955.009765625,8955.009765625,15900,-1.0491780706471099,Negative Change,8955.009765625
1528781,2024-12-06 07:01:49.082055+00:00,2024-12-06 07:01:49.082055+00:00,347,2024-12-05,32.45000076293945,32.7400016784668,32.369998931884766,32.40999984741211,32.40999984741211,587400,-0.21551630483612716,Insignificant Change,32.40999984741211
1528773,2024-12-06 07:01:35.995496+00:00,2024-12-06 07:01:35.995496+00:00,348,2024-12-05,29.5,29.850000381469727,29.479999542236328,29.520000457763672,29.520000457763672,2404300,-0.43844574178461837,Negative Change,29.520000457763672
1528885,2024-12-06 07:02:28.206046+00:00,2024-12-06 07:02:28.206046+00:00,350,2024-12-05,55.970001220703125,56.16999816894531,55.68000030517578,56.060001373291016,56.060001373291016,3788600,-0.19582837678479892,Insignificant Change,56.060001373291016
1528718,2024-12-06 07:01:10.350880+00:00,2024-12-06 07:01:10.350880+00:00,351,2024-12-05,109.08999633789062,110.69999694824219,108.8499984741211,110.12000274658203,110.12000274658203,2182500,1.2690867297435326,Positive Change,110.12000274658203
1528536,2024-12-06 06:59:50.944943+00:00,2024-12-06 06:59:50.944943+00:00,352,2024-12-05,103.6500015258789,104.22000122070312,103.0199966430664,103.13999938964844,103.13999938964844,1101700,-0.1258809505603841,Insignificant Change,103.13999938964844
1528720,2024-12-06 07:01:23.233173+00:00,2024-12-06 07:01:23.233173+00:00,353,2024-12-05,189.02000427246094,189.02000427246094,185.85000610351562,186.24000549316406,186.24000549316406,6387700,-1.0361851973774894,Negative Change,186.24000549316406
1528512,2024-12-06 06:59:37.009771+00:00,2024-12-06 06:59:37.009771+00:00,354,2024-12-05,1239.489990234375,1245.72998046875,1226.780029296875,1234.81005859375,1234.81005859375,274900,-0.6524945342276042,Negative Change,1234.81005859375
1528554,2024-12-06 07:00:04.610423+00:00,2024-12-06 07:00:04.610423+00:00,355,2024-12-05,49.099998474121094,49.20000076293945,48.45000076293945,48.47999954223633,48.47999954223633,9920700,-0.8588997352490966,Negative Change,48.47999954223633
1528615,2024-12-06 07:00:30.825920+00:00,2024-12-06 07:00:30.825920+00:00,356,2024-12-05,144.1699981689453,144.50999450683594,141.24000549316406,142.39999389648438,142.39999389648438,1414700,-1.0973759396719307,Negative Change,142.39999389648438
1528552,2024-12-06 07:00:04.610423+00:00,2024-12-06 07:00:04.610423+00:00,357,2024-12-05,117.7699966430664,118.19000244140625,116.5999984741211,117.62000274658203,117.62000274658203,2029000,-0.6671741331768409,Negative Change,117.62000274658203
1528777,2024-12-06 07:01:35.996495+00:00,2024-12-06 07:01:35.996495+00:00,358,2024-12-05,20.719999313354492,20.809999465942383,20.25,20.389999389648438,20.389999389648438,22751600,-0.6335334562141733,Negative Change,20.389999389648438
1528667,2024-12-06 07:00:56.517782+00:00,2024-12-06 07:00:56.517782+00:00,360,2024-12-05,91.7300033569336,92.25,91.44000244140625,91.5199966430664,91.5199966430664,2066500,-0.30501786425163374,Negative Change,91.5199966430664
1528787,2024-12-06 07:01:49.082055+00:00,2024-12-06 07:01:49.082055+00:00,361,2024-12-05,160.92999267578125,161.00999450683594,158.8300018310547,160.49000549316406,160.49000549316406,5222500,0.19354028690106534,Insignificant Change,160.49000549316406
1528519,2024-12-06 06:59:50.942911+00:00,2024-12-06 06:59:50.942911+00:00,363,2024-12-05,696.0,700.2999877929688,693.3599853515625,694.7100219726562,694.7100219726562,465700,-0.25556264794556127,Insignificant Change,694.7100219726562
1528816,2024-12-06 07:02:04.791570+00:00,2024-12-06 07:02:04.791570+00:00,364,2024-12-05,129.3300018310547,129.82000732421875,127.56999969482422,127.87000274658203,127.87000274658203,1574300,-1.1059553529966764,Negative Change,127.87000274658203
1528677,2024-12-06 07:00:56.518795+00:00,2024-12-06 07:00:56.518795+00:00,365,2024-12-05,243.0,244.97999572753906,241.41000366210938,244.33999633789062,244.33999633789062,723400,0.14344474644325886,Insignificant Change,244.33999633789062
1528808,2024-12-06 07:01:49.083604+00:00,2024-12-06 07:01:49.083604+00:00,366,2024-12-05,114.04000091552734,114.38999938964844,112.88999938964844,113.79000091552734,113.79000091552734,2510200,-1.0951778381645314,Negative Change,113.79000091552734
1528766,2024-12-06 07:01:35.995496+00:00,2024-12-06 07:01:35.995496+00:00,367,2024-12-05,131.2899932861328,133.1999969482422,130.97000122070312,132.49000549316406,132.49000549316406,4185400,1.5404735066225697,Positive Change,132.49000549316406
1528635,2024-12-06 07:00:43.671551+00:00,2024-12-06 07:00:43.671551+00:00,368,2024-12-05,208.2899932861328,210.8300018310547,207.72999572753906,208.8300018310547,208.8300018310547,1727000,0.4376700991358955,Positive Change,208.8300018310547
1528584,2024-12-06 07:00:17.240846+00:00,2024-12-06 07:00:17.240846+00:00,369,2024-12-05,108.91000366210938,109.16000366210938,107.86000061035156,108.05999755859375,108.05999755859375,944100,-0.6436231738575252,Negative Change,108.05999755859375
1528614,2024-12-06 07:00:30.825920+00:00,2024-12-06 07:00:30.825920+00:00,370,2024-12-05,92.1500015258789,93.2300033569336,91.44999694824219,92.44999694824219,92.44999694824219,891500,0.3909226025275011,Positive Change,92.44999694824219
1528623,2024-12-06 07:00:30.825920+00:00,2024-12-06 07:00:30.825920+00:00,371,2024-12-05,127.01000213623047,127.01000213623047,124.30999755859375,125.5,125.5,3389700,-1.0486492248311492,Negative Change,125.5
1528786,2024-12-06 07:01:49.082055+00:00,2024-12-06 07:01:49.082055+00:00,372,2024-12-05,34.0,34.349998474121094,33.90999984741211,34.09000015258789,34.09000015258789,2764100,0.20576041705562112,Insignificant Change,34.09000015258789
1528645,2024-12-06 07:00:43.672557+00:00,2024-12-06 07:00:43.672557+00:00,373,2024-12-05,28.959999084472656,28.959999084472656,28.31999969482422,28.43000030517578,28.43000030517578,1349000,-1.6603235723617462,Negative Change,28.43000030517578
1528681,2024-12-06 07:00:56.518795+00:00,2024-12-06 07:00:56.518795+00:00,374,2024-12-05,126.0,127.75,126.0,127.29000091552734,127.29000091552734,1578000,1.1040503358236429,Positive Change,127.29000091552734
1528522,2024-12-06 06:59:50.943943+00:00,2024-12-06 06:59:50.943943+00:00,375,2024-12-05,333.6300048828125,334.6700134277344,331.32000732421875,332.6700134277344,332.6700134277344,568700,-0.5797710793925851,Negative Change,332.6700134277344
1528564,2024-12-06 07:00:04.611425+00:00,2024-12-06 07:00:04.611425+00:00,376,2024-12-05,130.9199981689453,131.14999389648438,128.0800018310547,129.8300018310547,129.8300018310547,2928300,-0.5895897675920627,Negative Change,129.8300018310547
1528762,2024-12-06 07:01:35.995496+00:00,2024-12-06 07:01:35.995496+00:00,377,2024-12-05,107.4000015258789,113.47000122070312,104.0999984741211,108.86000061035156,108.86000061035156,2179000,-3.5442140513626033,Large Negative Change,108.86000061035156
1528646,2024-12-06 07:00:43.673545+00:00,2024-12-06 07:00:43.673545+00:00,378,2024-12-05,333.4800109863281,339.0899963378906,330.1300048828125,334.9700012207031,334.9700012207031,1172700,0.3926145010537006,Positive Change,334.9700012207031
1528537,2024-12-06 06:59:50.944943+00:00,2024-12-06 06:59:50.944943+00:00,379,2024-12-05,162.58999633789062,164.4499969482422,159.92999267578125,160.38999938964844,160.38999938964844,7274100,-1.2923909363791437,Negative Change,160.38999938964844
1528567,2024-12-06 07:00:04.611425+00:00,2024-12-06 07:00:04.611425+00:00,380,2024-12-05,70.1500015258789,70.56999969482422,68.44999694824219,68.69000244140625,68.69000244140625,1359900,-1.9834465658254081,Negative Change,68.69000244140625
1528761,2024-12-06 07:01:35.995496+00:00,2024-12-06 07:01:35.995496+00:00,381,2024-12-05,252.0,255.6999969482422,250.3300018310547,251.13999938964844,251.13999938964844,2240200,0.5605805500483565,Positive Change,251.13999938964844
1528670,2024-12-06 07:00:56.517782+00:00,2024-12-06 07:00:56.517782+00:00,383,2024-12-05,751.5499877929688,768.02001953125,749.6900024414062,767.9000244140625,767.9000244140625,779000,1.8083969018423673,Positive Change,767.9000244140625
1528763,2024-12-06 07:01:35.995496+00:00,2024-12-06 07:01:35.995496+00:00,384,2024-12-05,3.799999952316284,3.799999952316284,3.799999952316284,3.799999952316284,3.799999952316284,0,0.0,Insignificant Change,3.799999952316284
1528509,2024-12-06 06:59:37.009771+00:00,2024-12-06 06:59:37.009771+00:00,385,2024-12-05,26.450000762939453,26.65999984741211,26.219999313354492,26.290000915527344,26.290000915527344,5871300,-0.038016432788005664,Insignificant Change,26.290000915527344
1528562,2024-12-06 07:00:04.611425+00:00,2024-12-06 07:00:04.611425+00:00,386,2024-12-05,74.0,74.61000061035156,73.54000091552734,74.12000274658203,74.12000274658203,801200,-0.36294750004256215,Negative Change,74.12000274658203
1528793,2024-12-06 07:01:49.082055+00:00,2024-12-06 07:01:49.082055+00:00,388,2024-12-05,165.8000030517578,166.88999938964844,164.77999877929688,165.5399932861328,165.5399932861328,766100,-0.13272274854838523,Insignificant Change,165.5399932861328
1528877,2024-12-06 07:02:28.206046+00:00,2024-12-06 07:02:28.206046+00:00,389,2024-12-05,231.61000061035156,236.5800018310547,231.61000061035156,233.19000244140625,233.19000244140625,590400,0.1374188735898381,Insignificant Change,233.19000244140625
1528805,2024-12-06 07:01:49.083604+00:00,2024-12-06 07:01:49.083604+00:00,390,2024-12-05,243.0500030517578,245.11000061035156,238.72000122070312,239.41000366210938,239.41000366210938,642000,-2.61551935062009,Negative Change,239.41000366210938
1528837,2024-12-06 07:02:04.792563+00:00,2024-12-06 07:02:04.792563+00:00,391,2024-12-05,298.260009765625,302.9599914550781,295.8500061035156,297.1000061035156,297.1000061035156,993300,1.1128951028440248,Positive Change,297.1000061035156
1528788,2024-12-06 07:01:49.082055+00:00,2024-12-06 07:01:49.082055+00:00,392,2024-12-05,49.400001525878906,49.45000076293945,48.81999969482422,48.849998474121094,48.849998474121094,1532300,-1.631094192065783,Negative Change,48.849998474121094
1528498,2024-12-06 06:59:37.008773+00:00,2024-12-06 06:59:37.008773+00:00,393,2024-12-05,571.0,571.0,550.4199829101562,557.9000244140625,557.9000244140625,750900,-3.133950414169015,Large Negative Change,557.9000244140625
1528760,2024-12-06 07:01:35.995496+00:00,2024-12-06 07:01:35.995496+00:00,394,2024-12-05,154.47999572753906,157.07000732421875,154.24000549316406,156.61000061035156,156.61000061035156,2884300,1.3788224635694921,Positive Change,156.61000061035156
1528594,2024-12-06 07:00:17.241847+00:00,2024-12-06 07:00:17.241847+00:00,395,2024-12-05,310.82000732421875,311.2300109863281,305.5799865722656,307.6000061035156,307.6000061035156,325100,-1.0359697396648977,Negative Change,307.6000061035156
1528520,2024-12-06 06:59:50.942911+00:00,2024-12-06 06:59:50.942911+00:00,397,2024-12-05,118.80000305175781,119.01000213623047,117.69000244140625,118.5199966430664,118.5199966430664,3327600,-0.5954933270794867,Negative Change,118.5199966430664
1528866,2024-12-06 07:02:17.477861+00:00,2024-12-06 07:02:17.477861+00:00,398,2024-12-05,45.470001220703125,47.40999984741211,45.279998779296875,46.86000061035156,46.86000061035156,1771100,5.516777237913504,Large Positive Change,46.86000061035156
1528692,2024-12-06 07:01:10.349884+00:00,2024-12-06 07:01:10.349884+00:00,399,2024-12-05,24.989999771118164,26.639999389648438,24.479999542236328,24.889999389648438,24.889999389648438,23797500,-13.214786873078852,Bear Sell Off,24.889999389648438
1528754,2024-12-06 07:01:35.995496+00:00,2024-12-06 07:01:35.995496+00:00,400,2024-12-05,219.77000427246094,221.97999572753906,218.47000122070312,221.5800018310547,221.5800018310547,622600,0.34871802951612757,Positive Change,221.5800018310547
1528733,2024-12-06 07:01:23.234174+00:00,2024-12-06 07:01:23.234174+00:00,401,2024-12-05,101.0,101.30000305175781,99.19000244140625,99.2300033569336,99.2300033569336,7193800,-1.4597752093916563,Negative Change,99.2300033569336
1528637,2024-12-06 07:00:43.671551+00:00,2024-12-06 07:00:43.671551+00:00,402,2024-12-05,80.01000213623047,82.2300033569336,80.0,81.80999755859375,81.80999755859375,6796600,0.3680473739430022,Positive Change,81.80999755859375
1528612,2024-12-06 07:00:30.825920+00:00,2024-12-06 07:00:30.825920+00:00,403,2024-12-05,37.2400016784668,37.2400016784668,36.150001525878906,36.43000030517578,36.43000030517578,1765300,-2.332436862412458,Negative Change,36.43000030517578
1528610,2024-12-06 07:00:30.825920+00:00,2024-12-06 07:00:30.825920+00:00,404,2024-12-05,390.4200134277344,391.5299987792969,384.4800109863281,385.239990234375,385.239990234375,1388300,-1.7420401872759752,Negative Change,385.239990234375
1528807,2024-12-06 07:01:49.083604+00:00,2024-12-06 07:01:49.083604+00:00,406,2024-12-05,42.959999084472656,43.150001525878906,41.959999084472656,42.02000045776367,42.02000045776367,8461200,-1.6846073758248703,Negative Change,42.02000045776367
1528769,2024-12-06 07:01:35.995496+00:00,2024-12-06 07:01:35.995496+00:00,407,2024-12-05,74.08999633789062,74.2300033569336,73.16999816894531,73.66000366210938,73.66000366210938,703300,-0.9813089575594798,Negative Change,73.66000366210938
1528757,2024-12-06 07:01:35.995496+00:00,2024-12-06 07:01:35.995496+00:00,408,2024-12-05,361.9599914550781,363.55999755859375,359.30999755859375,361.3599853515625,361.3599853515625,332000,-0.41338258847877696,Negative Change,361.3599853515625
1528867,2024-12-06 07:02:17.477861+00:00,2024-12-06 07:02:17.477861+00:00,409,2024-12-05,12.579999923706055,12.59000015258789,11.71500015258789,12.170000076293945,12.170000076293945,49099500,-3.565767142201532,Large Negative Change,12.170000076293945
1528573,2024-12-06 07:00:17.239846+00:00,2024-12-06 07:00:17.239846+00:00,410,2024-12-05,85.9000015258789,86.6500015258789,85.88999938964844,86.19000244140625,86.19000244140625,3007600,0.3960442321820753,Positive Change,86.19000244140625
1528851,2024-12-06 07:02:17.476813+00:00,2024-12-06 07:02:17.476813+00:00,411,2024-12-05,180.63999938964844,182.8000030517578,180.3699951171875,181.8800048828125,181.8800048828125,1208300,0.20385124079909958,Insignificant Change,181.8800048828125
1528811,2024-12-06 07:02:04.791570+00:00,2024-12-06 07:02:04.791570+00:00,412,2024-12-05,519.3800048828125,519.3800048828125,511.79998779296875,513.8900146484375,513.8900146484375,991900,-1.2243868445812618,Negative Change,513.8900146484375
1528499,2024-12-06 06:59:37.008773+00:00,2024-12-06 06:59:37.008773+00:00,413,2024-12-05,91.23999786376953,91.80000305175781,90.83000183105469,90.94000244140625,90.94000244140625,3910500,0.06602683736989712,Insignificant Change,90.94000244140625
1528850,2024-12-06 07:02:17.476813+00:00,2024-12-06 07:02:17.476813+00:00,414,2024-12-05,4.5,4.519999980926514,4.394999980926514,4.480000019073486,4.480000019073486,179000,-1.3215846538256728,Negative Change,4.480000019073486
1528625,2024-12-06 07:00:30.827431+00:00,2024-12-06 07:00:30.827528+00:00,415,2024-12-05,98.02999877929688,99.4000015258789,97.87000274658203,98.18000030517578,98.18000030517578,2285600,0.5633545705529119,Positive Change,98.18000030517578
1528812,2024-12-06 07:02:04.791570+00:00,2024-12-06 07:02:04.791570+00:00,416,2024-12-05,97.36000061035156,99.76000213623047,97.23999786376953,98.5999984741211,98.5999984741211,2116600,1.2632183350556996,Positive Change,98.5999984741211
1528575,2024-12-06 07:00:17.239846+00:00,2024-12-06 07:00:17.239846+00:00,417,2024-12-05,240.0399932861328,241.22999572753906,237.7899932861328,239.5,239.5,1329300,0.5035656453523221,Positive Change,239.5
1528856,2024-12-06 07:02:17.477861+00:00,2024-12-06 07:02:17.477861+00:00,418,2024-12-05,387.17999267578125,388.7099914550781,379.82000732421875,382.45001220703125,382.45001220703125,1319500,-1.8755124629100566,Negative Change,382.45001220703125
1528859,2024-12-06 07:02:17.477861+00:00,2024-12-06 07:02:17.477861+00:00,419,2024-12-05,80.22000122070312,81.77999877929688,79.8499984741211,81.7699966430664,81.7699966430664,5859500,1.7419358574600943,Positive Change,81.7699966430664
1528889,2024-12-06 07:02:28.206046+00:00,2024-12-06 07:02:28.206046+00:00,420,2024-12-05,61.9900016784668,62.130001068115234,61.2599983215332,61.400001525878906,61.400001525878906,1524900,-0.5828963818620776,Negative Change,61.400001525878906
1528780,2024-12-06 07:01:49.082055+00:00,2024-12-06 07:01:49.082055+00:00,421,2024-12-05,1294.3499755859375,1311.510009765625,1285.3800048828125,1292.8599853515625,1292.8599853515625,261500,-1.1431379613537211,Negative Change,1292.8599853515625
1528813,2024-12-06 07:02:04.791570+00:00,2024-12-06 07:02:04.791570+00:00,422,2024-12-05,154.10000610351562,154.6699981689453,152.33999633789062,152.42999267578125,152.42999267578125,964100,-0.5026137648821751,Negative Change,152.42999267578125
1528767,2024-12-06 07:01:35.995496+00:00,2024-12-06 07:01:35.995496+00:00,423,2024-12-05,116.20999908447266,117.08000183105469,113.02999877929688,113.72000122070312,113.72000122070312,1924100,-2.71194985498994,Negative Change,113.72000122070312
1528827,2024-12-06 07:02:04.791570+00:00,2024-12-06 07:02:04.791570+00:00,424,2024-12-05,46.459999084472656,47.439998626708984,46.27000045776367,47.16999816894531,47.16999816894531,6923500,2.0553806212723758,Positive Change,47.16999816894531
1528593,2024-12-06 07:00:17.241847+00:00,2024-12-06 07:00:17.241847+00:00,425,2024-12-05,186.7899932861328,188.77999877929688,186.0800018310547,186.47000122070312,186.47000122070312,494700,-0.45908322315993044,Negative Change,186.47000122070312
1528597,2024-12-06 07:00:17.241847+00:00,2024-12-06 07:00:17.241847+00:00,426,2024-12-05,125.56999969482422,126.80999755859375,125.25,125.91999816894531,125.91999816894531,4767200,0.3346598955739542,Positive Change,125.91999816894531
1528514,2024-12-06 06:59:50.942911+00:00,2024-12-06 06:59:50.942911+00:00,427,2024-12-05,527.2100219726562,527.4099731445312,517.6799926757812,520.8599853515625,520.8599853515625,2662400,-1.514551749877611,Negative Change,520.8599853515625
1528707,2024-12-06 07:01:10.349884+00:00,2024-12-06 07:01:10.349884+00:00,428,2024-12-05,87.02999877929688,87.52999877929688,85.55000305175781,85.63999938964844,85.63999938964844,256100,-2.203951480988589,Negative Change,85.63999938964844
1528490,2024-12-06 06:59:37.008773+00:00,2024-12-06 06:59:37.008773+00:00,429,2024-12-05,124.05000305175781,124.94999694824219,123.5,124.69000244140625,124.69000244140625,1760700,1.3739857247205285,Positive Change,124.69000244140625
1528824,2024-12-06 07:02:04.791570+00:00,2024-12-06 07:02:04.791570+00:00,430,2024-12-05,189.35000610351562,191.6300048828125,188.0,190.02999877929688,190.02999877929688,1975700,0.9723708080388362,Positive Change,190.02999877929688
1528599,2024-12-06 07:00:17.241847+00:00,2024-12-06 07:00:17.241847+00:00,432,2024-12-05,195.75,197.14999389648438,192.2100067138672,192.99000549316406,192.99000549316406,6045900,-1.861168836469384,Negative Change,192.99000549316406
1528626,2024-12-06 07:00:30.827528+00:00,2024-12-06 07:00:30.827528+00:00,433,2024-12-05,84.83000183105469,85.36000061035156,82.94000244140625,83.11000061035156,83.11000061035156,1140100,-2.303983885628138,Negative Change,83.11000061035156
1528638,2024-12-06 07:00:43.671551+00:00,2024-12-06 07:00:43.671551+00:00,434,2024-12-05,101.33000183105469,105.08999633789062,100.87000274658203,102.44000244140625,102.44000244140625,7564800,3.214108253306045,Large Positive Change,102.44000244140625
1528729,2024-12-06 07:01:23.234174+00:00,2024-12-06 07:01:23.234174+00:00,435,2024-12-05,44.7400016784668,45.040000915527344,44.459999084472656,44.72999954223633,44.72999954223633,1180900,-0.5779109280516241,Negative Change,44.72999954223633
1528775,2024-12-06 07:01:35.996495+00:00,2024-12-06 07:01:35.996495+00:00,436,2024-12-05,199.1199951171875,199.1699981689453,195.67999267578125,196.0500030517578,196.0500030517578,441100,-1.541779901924422,Negative Change,196.0500030517578
1528794,2024-12-06 07:01:49.082055+00:00,2024-12-06 07:01:49.082055+00:00,437,2024-12-05,402.0,403.6199951171875,392.07000732421875,392.8699951171875,392.8699951171875,1822400,-1.7358251378866947,Negative Change,392.8699951171875
1528574,2024-12-06 07:00:17.239846+00:00,2024-12-06 07:00:17.239846+00:00,438,2024-12-05,235.3300018310547,235.5399932861328,233.57000732421875,234.6300048828125,234.6300048828125,2011400,-0.15744473071808512,Insignificant Change,234.6300048828125
1528863,2024-12-06 07:02:17.477861+00:00,2024-12-06 07:02:17.477861+00:00,439,2024-12-05,866.4400024414062,866.4400024414062,853.4000244140625,854.989990234375,854.989990234375,346900,-1.5260757565915917,Negative Change,854.989990234375
1528690,2024-12-06 07:01:10.348880+00:00,2024-12-06 07:01:10.348880+00:00,440,2024-12-05,52.0099983215332,52.58000183105469,51.95000076293945,52.119998931884766,52.119998931884766,7020200,0.2114989692395741,Insignificant Change,52.119998931884766
1528491,2024-12-06 06:59:37.008773+00:00,2024-12-06 06:59:37.008773+00:00,442,2024-12-05,20.540000915527344,20.709999084472656,20.260000228881836,20.43000030517578,20.43000030517578,3780700,-1.7316045911411688,Negative Change,20.43000030517578
1528755,2024-12-06 07:01:35.995496+00:00,2024-12-06 07:01:35.995496+00:00,444,2024-12-05,134.4199981689453,134.9600067138672,131.77999877929688,133.0500030517578,133.0500030517578,2525900,-0.7607997439683002,Negative Change,133.0500030517578
1528758,2024-12-06 07:01:35.995496+00:00,2024-12-06 07:01:35.995496+00:00,445,2024-12-05,285.0,289.2200012207031,282.1600036621094,287.6300048828125,287.6300048828125,765700,0.693159820982056,Positive Change,287.6300048828125
1528826,2024-12-06 07:02:04.791570+00:00,2024-12-06 07:02:04.791570+00:00,446,2024-12-05,43.630001068115234,43.689998626708984,42.560001373291016,43.38999938964844,43.38999938964844,999100,-0.868176979988658,Negative Change,43.38999938964844
1528555,2024-12-06 07:00:04.610423+00:00,2024-12-06 07:00:04.610423+00:00,447,2024-12-05,39.13999938964844,39.180999755859375,38.400001525878906,38.5099983215332,38.5099983215332,443100,-1.458555483148761,Negative Change,38.5099983215332
1528768,2024-12-06 07:01:35.995496+00:00,2024-12-06 07:01:35.995496+00:00,448,2024-12-05,461.3500061035156,467.05999755859375,457.9599914550781,459.9200134277344,459.9200134277344,1183800,-0.8750371702356341,Negative Change,459.9200134277344
1528641,2024-12-06 07:00:43.672557+00:00,2024-12-06 07:00:43.672557+00:00,449,2024-12-05,61.88999938964844,62.279998779296875,61.58000183105469,62.130001068115234,62.130001068115234,2094900,0.0,Insignificant Change,62.130001068115234
1528711,2024-12-06 07:01:10.350880+00:00,2024-12-06 07:01:10.350880+00:00,450,2024-12-05,202.4499969482422,203.75999450683594,202.0500030517578,202.92999267578125,202.92999267578125,1156300,0.1134660735085211,Insignificant Change,202.92999267578125
1528655,2024-12-06 07:00:43.673545+00:00,2024-12-06 07:00:43.673545+00:00,451,2024-12-05,388.6499938964844,395.5,381.2699890136719,381.3299865722656,381.3299865722656,415900,-2.560372907877153,Negative Change,381.3299865722656
1528497,2024-12-06 06:59:37.008773+00:00,2024-12-06 06:59:37.008773+00:00,452,2024-12-05,8.789999961853027,8.869999885559082,8.350000381469727,8.470000267028809,8.470000267028809,24900300,-3.0892392581242905,Large Negative Change,8.470000267028809
1528714,2024-12-06 07:01:10.350880+00:00,2024-12-06 07:01:10.350880+00:00,453,2024-12-05,72.3499984741211,73.83000183105469,71.94000244140625,72.11000061035156,72.11000061035156,3116100,-0.31793715673523487,Negative Change,72.11000061035156
1528563,2024-12-06 07:00:04.611425+00:00,2024-12-06 07:00:04.611425+00:00,454,2024-12-05,98.29000091552734,98.6500015258789,97.52999877929688,97.72000122070312,97.72000122070312,1445200,-0.6405666122951088,Negative Change,97.72000122070312
1528560,2024-12-06 07:00:04.610423+00:00,2024-12-06 07:00:04.610423+00:00,455,2024-12-05,73.4000015258789,74.61000061035156,73.0999984741211,73.66000366210938,73.66000366210938,17753600,0.8212511956825939,Positive Change,73.66000366210938
1528621,2024-12-06 07:00:30.825920+00:00,2024-12-06 07:00:30.825920+00:00,457,2024-12-05,110.01000213623047,110.26000213623047,108.12000274658203,108.5199966430664,108.5199966430664,680400,-0.9402157736177983,Negative Change,108.5199966430664
1528712,2024-12-06 07:01:10.350880+00:00,2024-12-06 07:01:10.350880+00:00,459,2024-12-05,224.25,224.47000122070312,223.17999267578125,224.0500030517578,224.0500030517578,1185000,-0.5503973861813438,Negative Change,224.0500030517578
1528705,2024-12-06 07:01:10.349884+00:00,2024-12-06 07:01:10.349884+00:00,460,2024-12-05,56.34000015258789,57.79999923706055,56.34000015258789,57.15999984741211,57.15999984741211,7330400,1.527532188287226,Positive Change,57.15999984741211
1528565,2024-12-06 07:00:04.611425+00:00,2024-12-06 07:00:04.611425+00:00,462,2024-12-05,319.25,321.4200134277344,313.9200134277344,318.20001220703125,318.20001220703125,287000,-0.8969647706728608,Negative Change,318.20001220703125
1528702,2024-12-06 07:01:10.349884+00:00,2024-12-06 07:01:10.349884+00:00,463,2024-12-05,184.5399932861328,186.86000061035156,181.57000732421875,182.92999267578125,182.92999267578125,1428100,-2.1712458944931354,Negative Change,182.92999267578125
1528529,2024-12-06 06:59:50.943943+00:00,2024-12-06 06:59:50.943943+00:00,465,2024-12-05,70.81999969482422,71.26000213623047,70.61000061035156,70.86000061035156,70.86000061035156,2518500,0.19796293443424456,Insignificant Change,70.86000061035156
1528747,2024-12-06 07:01:23.234174+00:00,2024-12-06 07:01:23.234174+00:00,466,2024-12-05,114.70999908447266,115.62000274658203,114.05999755859375,114.77999877929688,114.77999877929688,15733600,0.4375218807672762,Positive Change,114.77999877929688
1528796,2024-12-06 07:01:49.082055+00:00,2024-12-06 07:01:49.082055+00:00,467,2024-12-05,19.6299991607666,19.739999771118164,19.219999313354492,19.309999465942383,19.309999465942383,1822200,-0.7708099978789812,Negative Change,19.309999465942383
1528553,2024-12-06 07:00:04.610423+00:00,2024-12-06 07:00:04.610423+00:00,468,2024-12-05,8.710000038146973,8.850000381469727,8.529999732971191,8.710000038146973,8.710000038146973,1877900,-0.9101242781938514,Negative Change,8.710000038146973
1528582,2024-12-06 07:00:17.240846+00:00,2024-12-06 07:00:17.240846+00:00,469,2024-12-05,127.4000015258789,127.9000015258789,126.19999694824219,126.2300033569336,126.2300033569336,975600,-1.0271268223225052,Negative Change,126.2300033569336
1528607,2024-12-06 07:00:30.825920+00:00,2024-12-06 07:00:30.825920+00:00,470,2024-12-05,138.36000061035156,138.7899932861328,137.1999969482422,138.1300048828125,138.1300048828125,939100,-0.021713070716356836,Insignificant Change,138.1300048828125
1528586,2024-12-06 07:00:17.240846+00:00,2024-12-06 07:00:17.240846+00:00,471,2024-12-05,110.36000061035156,111.93000030517578,108.94000244140625,109.16000366210938,109.16000366210938,937800,-1.3198328043955574,Negative Change,109.16000366210938
1528687,2024-12-06 07:00:56.518795+00:00,2024-12-06 07:00:56.518795+00:00,472,2024-12-05,412.989990234375,413.2699890136719,404.32000732421875,404.9800109863281,404.9800109863281,299600,-1.6895643573891819,Negative Change,404.9800109863281
1528795,2024-12-06 07:01:49.082055+00:00,2024-12-06 07:01:49.082055+00:00,473,2024-12-05,45.540000915527344,45.54999923706055,43.630001068115234,43.81999969482422,43.81999969482422,4461400,-3.8824313486281024,Large Negative Change,43.81999969482422
1528831,2024-12-06 07:02:04.791570+00:00,2024-12-06 07:02:04.791570+00:00,474,2024-12-05,338.1300048828125,339.6000061035156,329.6400146484375,337.29998779296875,337.29998779296875,351700,0.01482217730726464,Insignificant Change,337.29998779296875
1528541,2024-12-06 06:59:50.945971+00:00,2024-12-06 06:59:50.945971+00:00,476,2024-12-05,345.4800109863281,351.3800048828125,340.69000244140625,344.80999755859375,344.80999755859375,4358400,0.7421067071178172,Positive Change,344.80999755859375
1528222,2024-12-05 12:51:17.102324+00:00,2024-12-05 12:51:17.102324+00:00,477,2024-12-05,248.89999389648438,249.89999389648438,248.0500030517578,248.64999389648438,248.64999389648438,858249,-0.1806552372560937,Insignificant Change,261.4341247404713
1528116,2024-12-05 12:50:16.304224+00:00,2024-12-05 12:50:16.305185+00:00,478,2024-12-05,33.95000076293945,34.209999084472656,33.599998474121094,33.970001220703125,33.970001220703125,879571,-0.08823170381433823,Insignificant Change,35.71654033606968
1528182,2024-12-05 12:50:47.315731+00:00,2024-12-05 12:50:47.315731+00:00,479,2024-12-05,36.56999969482422,37.20000076293945,36.560001373291016,37.02000045776367,37.02000045776367,970009,1.0646993673934517,Positive Change,38.92335272526276
1528245,2024-12-05 12:51:17.103314+00:00,2024-12-05 12:51:17.103314+00:00,480,2024-12-05,51.65999984741211,52.2400016784668,51.58000183105469,51.720001220703125,51.720001220703125,387765,-0.07727415403226265,Insignificant Change,54.3791416956146
1528074,2024-12-05 12:49:15.603102+00:00,2024-12-05 12:49:15.603102+00:00,481,2024-12-05,254.6999969482422,257.5,254.1999969482422,257.29998779296875,257.29998779296875,122413,1.1797029906446164,Positive Change,270.52885081667324
1528130,2024-12-05 12:50:16.307185+00:00,2024-12-05 12:50:16.307185+00:00,482,2024-12-05,28.770000457763672,29.020000457763672,28.770000457763672,28.959999084472656,28.959999084472656,4811374,0.4857716555548055,Positive Change,32.76944654180098
